	htid	occurs_100k	weight	author	title	pub_date_y	genre_y	gender	white	origin_area	wordcount
168	mdp.39015008846571	875.5724140641936	1	Aldington, Richard	All Men Are  Enemies	1933	Fiction-Novel	Male	White	Britain	203524
406	uc1.$b284297	872.2182340272797	1	Galsworthy, John	Villa Rubein: A Novel	1900	Fiction-Novel	Male	White	Britain	55720
147	mdp.39015005095529	871.6661482483455	1	Macaulay, Rose	And No Man's Wit	1940	Fiction-Novel	Female	White	Britain	138241
271	mdp.39015060668566	834.8112919806117	1	Wells, H. G.	The War of the Worlds	1898	Fiction-Novel	Male	White	Britain	88523
346	pst.000000657853	774.5514971457804	1	Graves, Robert	Claudius the God	1934	Fiction-Novel	Male	White	Britain	218449
88	inu.39000001458897	753.2956685499041	1	Kipling, Rudyard	Puck of Pook's Hill	1906	Fiction-Stories	Male	White	South Asia	96111
85	inu.39000001020226	740.9585416054102	1	Bowen, Elizabeth	The House in Paris	1935	Fiction-Novel	Female	White	Ireland	102030
300	mdp.39076005394908	732.0886494876006	1	Wells, H. G.	The Shape of Things to Come	1933	Fiction-Novel	Male	White	Britain	175252
105	mdp.39015000632300	721.7154299699616	1	Lawrence, D. H.	St. Mawr	1925	Fiction-Stories	Male	White	Britain	71912
57	inu.30000038183293	719.5857993935255	1	Conan Doyle, Arthur	A Study in Scarlet	1887	Fiction-Novel	Male	White	Britain	102559
475	uc1.b3759957	698.5354279168677	1	Wells, H. G.	The Autocracy of Mr. Parham	1930	Fiction-Novel	Male	White	Britain	97776
352	pst.000008520463	696.2452027797976	1	Smith, Stevie	Over the Frontier	1938	Fiction-Novel	Female	White	Britain	77128
219	mdp.39015030719648	658.829608577701	1	Wells, H. G.	The Secret Places of the Heart	1922	Fiction-Novel	Male	White	Britain	77410
245	mdp.39015042140270	658.2010582010627	1	Kipling, Rudyard	Kim	1901	Fiction-Novel	Male	White	South Asia	141750
341	osu.32435017894775	639.9225969222517	1	Wells, H. G.	Mr. Britling Sees it Through	1916	Fiction-Novel	Male	White	Britain	163301
90	inu.39000001740583	639.740284541207	1	Wells, H. G.	The War in the Air, and Particularly how Mr. Bert Smallways Fared While it Lasted	1908	Fiction-Novel	Male	White	Britain	115203
164	mdp.39015008311048	629.9371504353327	1	Chesterton, G. K.	The Napoleon of Notting Hill	1904	Fiction-Novel	Male	White	Britain	69372
214	mdp.39015030719531	622.568093385214	1	Wells, H. G.	The Adventures of Tommy	1929	Fiction-Stories	Male	White	Britain	1285
44	hvd.hn1ndc	617.0556518015271	1	Allen, Grant	Miss Cayley's Adventures	1899	Fiction-Novel	Male	White	Other	102746
171	mdp.39015008995501	600.3030656253648	1	Conrad, Joseph	The Sisters	1928	Fiction-Novel	Male	White	Europe	17158
449	uc1.32106012128440	595.2987187582708	1	Hardy, Thomas	A Laodicean	1881	Fiction-Novel	Male	White	Britain	196372
548	uc2.ark:/13960/t88g8mj8t	594.7549172650695	1	Bennett, Arnold	The Regent: A Five Towns Story of Adventure in London	1913	Fiction-Novel	Male	White	Britain	128120
403	uc1.$b244748	585.4349744571344	1	Macaulay, Rose	I Would Be Private	1937	Fiction-Novel	Female	White	Britain	80453
86	inu.39000001215875	583.9524655254187	1	Kipling, Rudyard	The Second Jungle Book	1895	Fiction-Stories	Male	White	South Asia	107543
166	mdp.39015008456900	581.7401663735611	1	Moore, George	The Brook Kerith	1916	Fiction-Novel	Male	White	Ireland	193901
440	uc1.32106005430829	573.8971069511726	1	Graves, Robert	I, Claudius	1934	Fiction-Novel	Male	White	Britain	190975
358	pst.000021106644	571.1356154773221	1	Maugham, William Somerset	Ashenden: Or, The British Agent	1928	Fiction-Stories	Male	White	Britain	111182
375	pst.000033636887	562.2913371990874	1	Conan Doyle, Arthur	The Sign of Four	1889	Fiction-Novel	Male	White	Britain	79674
426	uc1.32106001949889	561.2103796938951	1	Rolfe, Frederick	Hadrian the Seventh: A Romance	1904	Fiction-Novel	Male	White	Britain	148251
518	uc1.b4095607	559.9371777800546	1	Ford, Ford Madox	An English Girl: A Romance	1907	Fiction-Novel	Male	White	Britain	117156
264	mdp.39015055182078	551.8507188742732	1	Ford, Ford Madox	No Enemy: A Tale of Reconstruction	1929	Fiction-Novel	Male	White	Britain	81725
573	wau.39352007039084	547.3959061873458	1	Macaulay, Rose	Told by an Idiot	1923	Fiction-Novel	Female	White	Britain	107235
337	nyp.33433115574562	542.263487151003	1	Ford, Ford Madox	Zeppelin Nights	1915	Fiction-Stories	Male	White	Britain	75609
495	uc1.b3834538	541.3174296153024	1	Ford, Ford Madox	Privy Seal: His Last Venture	1907	Fiction-Novel	Male	White	Britain	74448
240	mdp.39015037454173	539.8976176871852	1	Stevenson, Robert Louis	Weir of Hermiston	1896	Fiction-Novel	Male	White	Britain	85757
211	mdp.39015025040745	536.9908281629333	1	Buchan, John	Greenmantle	1916	Fiction-Novel	Male	White	Britain	118624
553	uc2.ark:/13960/t9h41nk9h	535.1751071254225	1	Macaulay, Rose	Mystery at Geneva	1922	Fiction-Novel	Female	White	Britain	55309
186	mdp.39015011819813	529.4312759931614	1	Lawrence, D. H.	The Escaped Cock	1929	Fiction-Novel	Male	White	Britain	78386
555	uiug.30112037331284	525.2746515864395	1	Allen, Grant	An African Millionaire	1897	Fiction-Novel	Male	White	Other	89477
282	mdp.39015066195218	503.59106722028815	1	Shorthouse, Joseph Henry	John Inglesant	1881	Fiction-Novel	Male	White	Britain	213864
302	mdp.49015000914540	503.3533456125311	1	Bennett, Arnold	Buried Alive: A Tale of These Days	1908	Fiction-Novel	Male	White	Britain	71123
252	mdp.39015047714954	497.26230783129296	1	Trollope, Anthony	Mr. Scarborough's Family	1883	Fiction-Novel	Male	White	Britain	254594
261	mdp.39015053611367	496.1743911433604	1	Wells, H. G.	The Research Magnificent	1915	Fiction-Novel	Male	White	Britain	134227
361	pst.000026087894	495.1174017994288	1	Wells, H. G.	The World Set Free	1914	Fiction-Novel	Male	White	Britain	72912
494	uc1.b3834537	493.67612089464706	1	Ford, Ford Madox	A Little Less Than Gods: A Romance	1928	Fiction-Novel	Male	White	Britain	116068
420	uc1.$b87357	492.6108374384234	1	Chesterton, G. K.	The Sword of Wood	1928	Fiction-Stories	Male	White	Britain	5887
181	mdp.39015011040246	492.6069235108599	1	Wells, H. G.	Joan and Peter: The Story of an Education	1918	Fiction-Novel	Male	White	Britain	251722
538	uc2.ark:/13960/t1vd70k9k	492.5672487022166	1	Ford, Ford Madox	The Young Lovell: A Romance	1913	Fiction-Novel	Male	White	Britain	135616
321	njp.32101068137924	492.50144345363105	1	Disraeli, Benjamin	Endymion	1880	Fiction-Novel	Male	White	Britain	202639
484	uc1.b3796887	489.79700783408265	1	Bennett, Arnold	A Great Man: A Frolic	1904	Fiction-Novel	Male	White	Britain	74929
226	mdp.39015030738333	487.87528868360295	1	Firbank, [Arthur Annesley] Ronald	Inclinations	1916	Fiction-Novel	Male	White	Britain	34640
513	uc1.b4095427	486.8063264453987	1	Ford, Ford Madox	Vive Le Roy: A Novel	1936	Fiction-Novel	Male	White	Britain	98191
496	uc1.b3834539	479.910058814154	1	Ford, Ford Madox	The Rash Act: A Novel	1933	Fiction-Novel	Male	White	Britain	119189
243	mdp.39015040661087	479.5581895760362	1	Forster, E. M.	A Passage to India	1924	Fiction-Novel	Male	White	Britain	136167
10	coo.31924013493758	478.41074822115036	1	Kipling, Rudyard	Rewards and Fairies	1910	Fiction-Novel	Male	White	Britain	90508
183	mdp.39015011356758	475.58579711533974	1	Bennett, Arnold	The Grand Babylon Hotel: A Fantasia on Modern Themes	1902	Fiction-Novel	Male	White	Britain	83476
60	inu.30000048970531	474.3576758161986	1	Sassoon, Siegfried	Sherston's Progress	1936	Fiction-Novel	Male	White	Britain	59238
174	mdp.39015009048433	473.7609329446062	1	Beerbohm, Max	Works of Max Beerbohm	1896	Fiction-Unspecified	Male	White	Britain	35672
13	coo.31924013586551	473.6038786137556	1	Bennett, Arnold	The Card: A Story of Adventure in the Five Towns	1911	Fiction-Novel	Male	White	Britain	89104
52	iau.31858005598952	472.7213857859787	1	Bennett, Arnold	The Loot of Cities: Being the Adventures of a Millionaire in Search of Joy (A Fantasia)	1905	Fiction-Stories	Male	White	Britain	61770
50	hvd.hwpatg	471.5936585005736	1	Wells, H. G.	The Passionate Friends	1913	Fiction-Novel	Male	White	Britain	121927
384	pst.000062475938	468.51516731589004	1	Conrad, Joseph	The Secret Agent: A Simple Tale	1907	Fiction-Novel	Male	White	Europe	130412
203	mdp.39015018978745	463.7453330713319	1	Stevenson, Robert Louis	The Wrong Box	1889	Fiction-Novel	Male	White	Britain	101780
79	inu.32000005560356	463.4087626384205	1	Conrad, Joseph	The Nigger of the Narcissus	1897	Fiction-Novel	Male	White	Europe	33232
563	umn.31951002059229q	463.32046332046326	1	Powys, Theodore Francis	A Stubborn Tree	1926	Fiction-Stories	Male	White	Britain	2590
3	aeu.ark:/13960/t6d237w7x	463.262764632629	1	Munro, Hector Hugh	When William Came	1913	Fiction-Novel	Male	White	South Asia	60225
325	nyp.33433074892518	459.1206074518813	1	Mason, A. E. W.	The Four Feathers	1902	Fiction-Novel	Male	White	Britain	141575
432	uc1.32106001990495	455.16103740059435	1	Huxley, Aldous	Brief Candles: Stories	1930	Fiction-Stories	Male	White	Britain	98207
239	mdp.39015037058669	448.7619449870654	1	Pater, Walter	Imaginary Portraits	1887	Fiction-Stories	Male	White	Britain	37882
545	uc2.ark:/13960/t6057wc8c	448.40139855098346	1	Bennett, Arnold	The Matador of the Five Towns, and Other Stories	1912	Fiction-Stories	Male	White	Britain	138715
275	mdp.39015060845628	446.2121005747939	1	Wells, H. G.	Tono-Bungay	1909	Fiction-Novel	Male	White	Britain	183545
46	hvd.hn5fum	445.25399716656443	1	Childers, Erskine	The Riddle of Sands	1903	Fiction-Novel	Male	White	Britain	133407
456	uc1.32106014703547	443.00986753030014	1	Lawrence, D. H.	Kangaroo	1923	Fiction-Novel	Male	White	Britain	184646
461	uc1.32106017177491	442.9295322809968	1	Chesterton, G. K.	The Club of Queer Trades	1905	Fiction-Stories	Male	White	Britain	54862
422	uc1.31822038204657	442.84528092997476	1	Firbank, [Arthur Annesley] Ronald	"""Odette d'Antrevernes"" and ""A Study in Temperament"""	1905	Fiction-Stories	Male	White	Britain	7226
387	uc1.$b105330	441.3582063202492	1	Macaulay, Rose	Going Abroad	1934	Fiction-Novel	Female	White	Britain	101958
386	uc1.$b104460	440.2209376062631	1	Ford, Ford Madox	Henry for Hugh: A Novel	1934	Fiction-Novel	Male	White	Britain	108809
493	uc1.b3834533	437.550864091149	1	Ford, Ford Madox	When The Wicked Man	1931	Fiction-Novel	Male	White	Britain	104445
62	inu.30000081529376	429.02900353605855	1	Waugh, Evelyn	A Handful of Dust	1934	Fiction-Novel	Male	White	Britain	102091
205	mdp.39015019638595	426.7953238077559	1	Myers, L. H.	"The ""Clio"""	1925	Fiction-Novel	Male	White	Britain	75446
439	uc1.32106005418808	426.723770065715	1	Chesterton, G. K.	The Flying Inn	1914	Fiction-Stories	Male	White	Britain	128889
379	pst.000045968389	419.02423401302485	1	Stevenson, Robert Louis	The Strange Case of Dr. Jekyll and Mr. Hyde	1886	Fiction-Novel	Male	White	Britain	37468
40	hvd.32044020572954	417.11564531266447	1	Allen, Grant	The British Barbarians	1895	Fiction-Novel	Male	White	Other	57538
270	mdp.39015058132898	416.79368950537196	1	James, Henry	The Bostonians	1886	Fiction-Novel	Male	White	Us	209936
540	uc2.ark:/13960/t24b37r0x	413.04423123549356	1	Ford, Ford Madox	The Portrait	1910	Fiction-Novel	Male	White	Britain	115484
176	mdp.39015009375976	412.2000684805206	1	Aldington, Richard	Death of a Hero	1929	Fiction-Novel	Male	White	Britain	151868
106	mdp.39015000666704	411.70772211458683	1	Ford, Ford Madox	The Good Soldier	1915	Fiction-Novel	Male	White	Britain	86712
289	mdp.39015078801274	411.5281233117021	1	Kipling, Rudyard	Stalky & Co	1899	Fiction-Stories	Male	White	South Asia	149929
290	mdp.39015079150069	410.8574825072723	1	Wilde, Oscar	The Picture of Dorian Gray	1891	Fiction-Novel	Male	White	Ireland	95897
185	mdp.39015011598300	410.007364209938	1	Macaulay, Rose	Staying with Relations	1930	Fiction-Novel	Female	White	Britain	100486
497	uc1.b3834546	408.84176475873903	1	Firbank, [Arthur Annesley] Ronald	Prancing Nigger 	1924	Fiction-Novel	Male	White	Britain	22258
463	uc1.32106019041554	406.98047506949274	1	James, Henry	Portrait of a Lady	1881	Fiction-Novel	Male	White	Us	296083
359	pst.000021133824	405.7030253854178	1	Stevenson, Robert Louis	Treasure Island	1883	Fiction-Novel	Male	White	Britain	17254
61	inu.30000067523815	404.28980699638225	1	Benson, E. F.	Lucia in London	1927	Fiction-Novel	Male	White	Britain	106112
143	mdp.39015004750959	401.8283938814545	1	Woolf, Virginia	Jacob's Room	1922	Fiction-Novel	Female	White	Britain	66944
564	umn.31951002116326o	401.70984189112573	1	Kipling, Rudyard	Plain Tales from the Hills	1888	Fiction-Stories	Male	White	South Asia	97085
306	mdp.49015000980798	400.7887864414014	1	Greene, Graham	England Made Me	1935	Fiction-Novel	Male	White	Britain	93815
556	uiug.30112041393841	400.5964435937951	1	Bennett, Arnold	The Lion's Share	1916	Fiction-Novel	Male	White	Britain	134799
172	mdp.39015009004717	400.201031215682	1	Aldington, Richard	Soft Answers 	1932	Fiction-Stories	Male	White	Britain	107446
73	inu.32000002887836	399.6532293021252	1	Wells, H. G.	The World of William Clissold	1926	Fiction-Novel	Male	White	Britain	115350
299	mdp.39076005037937	398.9463074173518	1	Galsworthy, John	The White Monkey: a Silent Wooing	1924	Fiction-Novel	Male	White	Britain	118061
413	uc1.$b783912	395.60412930742086	1	Macaulay, Rose	They Were Defeated	1932	Fiction-Novel	Female	White	Britain	165064
286	mdp.39015076134736	392.63589564610345	1	Maugham, William Somerset	The Moon and Sixpence: A Novel	1919	Fiction-Novel	Male	White	Britain	91688
332	nyp.33433074968532	392.28071341899147	1	du Maurier, George	Trilby	1894	Fiction-Novel	Male	White	Europe	60161
231	mdp.39015031225116	391.62291906459825	1	Bennett, Arnold	Teresa of Watling Street: A Fantasia on Modern Themes	1904	Fiction-Novel	Male	White	Britain	71242
21	coo.31924014495349	390.7893129978156	1	Huxley, Aldous	Two or Three Graces, and Other Stories	1926	Fiction-Stories	Male	White	Britain	73697
69	inu.32000001674060	390.5258194392382	1	Isherwood, Christopher	Goodbye to Berlin	1939	Fiction-Novel	Male	White	Britain	82709
36	hvd.32044010252005	388.84875270919247	1	Buchan, John	The Thirty-Nine steps	1915	Fiction-Novel	Male	White	Britain	47062
274	mdp.39015060669036	388.2543025489747	1	Wells, H. G.	A Modern Utopia	1905	Fiction-Novel	Male	White	Britain	124403
485	uc1.b3796888	388.0166035011746	1	Bennett, Arnold	The Grim Smile of the Five Towns	1907	Fiction-Novel	Male	White	Britain	77574
458	uc1.32106016477231	387.80162348493246	1	Wells, H. G.	The Wheels of Chance: A Holiday Adventure	1896	Fiction-Novel	Male	White	Britain	71944
436	uc1.32106002020458	386.8921775898535	1	Waugh, Evelyn	Mr. Loveday's Little Outing, and Other Sad Stories	1936	Fiction-Stories	Male	White	Britain	47300
277	mdp.39015062110369	383.67129969824805	1	Joyce, James	Ulysses	1922	Fiction-Novel	Male	White	Ireland	319805
30	coo1.ark:/13960/t74t75g7m	383.50968018990477	1	Ford, Ford Madox	The New Humpty-Dumpty	1912	Fiction-Novel	Male	White	Britain	167662
11	coo.31924013536119	381.44047572473744	1	Bennett, Arnold	The Sinews of War: A Romance of London and the Sea	1906	Fiction-Novel	Male	White	Britain	102244
257	mdp.39015053037431	378.66061652905177	1	Conrad, Joseph	Nostromo: A Tale of the Seabord	1904	Fiction-Novel	Male	White	Europe	252997
91	inu.39000002572209	377.29450167450904	1	Firbank, [Arthur Annesley] Ronald	Concerning the Eccentricites of Cardinal Pirelli	1926	Fiction-Novel	Male	White	Britain	23589
559	uiug.30112056502336	376.9855793865753	1	Thomas, Edward	The Happy-Go-Lucky Morgans	1913	Fiction-Novel	Male	White	Britain	81966
430	uc1.32106001982351	376.4949372999218	1	Ford, Ford Madox	The Fifth Queen Crowned: A Romance	1908	Fiction-Novel	Male	White	Britain	237719
196	mdp.39015014689973	376.1234349836371	1	Sassoon, Siegfried	Memoir of an Infantry Officer	1930	Fiction-Novel	Male	White	Britain	96245
301	mdp.49015000796806	374.82634793321233	1	Rolfe, Frederick	The Desire and Pursuit of the Whole	1934	Fiction-Novel	Male	White	Britain	152604
12	coo.31924013536150	374.03328896271603	1	Bennett, Arnold	The Statue	1908	Fiction-Novel	Male	White	Britain	90901
63	inu.30000094659426	373.75123317495604	1	Powys, John Cowper	Owen Glendower: An Historical Novel	1940	Fiction-Novel	Male	White	Britain	440935
127	mdp.39015002742446	373.5857867589308	1	Rolfe, Frederick	Don Tarquinio: A Kataleptic Phantasmatic Romance	1905	Fiction-Novel	Male	White	Britain	47111
262	mdp.39015054040400	372.11668727407863	1	Wells, H. G.	The New Machiavelli	1911	Fiction-Novel	Male	White	Britain	169033
331	nyp.33433074946256	371.99046270235357	1	Allen, Grant	Hilda Wade	1900	Fiction-Novel	Male	White	Other	111562
98	inu.39000004311127	371.8442168438888	1	Kipling, Rudyard	Life's Handicap	1891	Fiction-Stories	Male	White	South Asia	137961
178	mdp.39015010471400	370.1962872224032	1	Ford, Ford Madox	The Fifth Queen: And How She Came to Court	1906	Fiction-Novel	Male	White	Britain	240413
512	uc1.b4095308	369.30826128824094	1	Ford, Ford Madox	A Call: The Tale of Two Passions	1910	Fiction-Novel	Male	White	Britain	94501
131	mdp.39015003675371	369.30702787593134	1	Ford, Ford Madox	Last Post	1928	Fiction-Novel	Male	White	Britain	81504
528	uc1.b4973388	367.96513092330906	1	Lawrence, D. H.	The Boy in the Bush	1924	Fiction-Novel	Male	White	Britain	273939
266	mdp.39015055599784	367.7735464047174	1	Forster, E. M.	A Room With a View	1908	Fiction-Novel	Male	White	Britain	84291
155	mdp.39015005786911	365.96680526442316	1	Munro, Hector Hugh	The Unbearable Bassington	1912	Fiction-Novel	Male	White	South Asia	58202
108	mdp.39015001145211	364.8626236939591	1	Maugham, William Somerset	Cosmopolitans	1936	Fiction-Stories	Male	White	Britain	72356
501	uc1.b3865736	363.25895173845436	1	Williams, Charles	Shadows of Ecstasy	1933	Fiction-Novel	Male	White	Britain	88642
378	pst.000045760310	360.14209242555756	1	Bennett, Arnold	Tales of the Five Towns	1905	Fiction-Stories	Male	White	Britain	61087
33	gri.ark:/13960/t3kw8z43q	359.73402402266015	1	Ford, Ford Madox	Ladies Whose Bright Eyes	1911	Fiction-Novel	Male	White	Britain	132042
469	uc1.b3346919	359.0841381487427	1	Ford, Ford Madox	"The ""Half Moon"": A Romance of the Old World and the New"	1909	Fiction-Novel	Male	White	Britain	101369
110	mdp.39015002148933	358.3664224996759	1	Smith, Stevie	Novel on Yellow Paper	1936	Fiction-Novel	Female	White	Britain	69761
287	mdp.39015077636358	357.5211864406791	1	Conrad, Joseph	Lord Jim: A Tale	1900	Fiction-Novel	Male	White	Europe	181248
516	uc1.b4095604	357.4982849744456	1	Ford, Ford Madox	Mr. Apollo: A Just Possible Story	1908	Fiction-Novel	Male	White	Britain	103497
64	inu.30000102875915	356.6200931470405	1	Stevenson, Robert Louis	Kidnapped	1886	Fiction-Novel	Male	White	Britain	112725
130	mdp.39015003675322	352.0768291027539	1	Ford, Ford Madox	Ladies Whose Bright Eyes (heavily revised)	1935	Fiction-Novel	Male	White	Britain	117872
291	mdp.39015079156165	350.9746724082039	1	James, Henry	The Spoils of Poynton	1897	Fiction-Novel	Male	White	Us	107985
259	mdp.39015053230523	350.8412798598879	1	Wells, H. G.	Marriage	1912	Fiction-Novel	Male	White	Britain	175863
94	inu.39000003583544	350.75373569221716	1	Greene, Graham	Stamboul Train	1932	Fiction-Novel	Male	White	Britain	90947
7	coo.31924013205749	347.30650732891485	1	Allen, Grant	The Woman Who Did	1895	Fiction-Novel	Male	White	Other	53555
29	coo1.ark:/13960/t6zw21192	346.6792856555026	1	Bennett, Arnold	The Pretty Lady: A Novel	1918	Fiction-Novel	Male	White	Britain	97208
139	mdp.39015003681742	345.50793371434884	1	Galsworthy, John	The Silver Spoon	1926	Fiction-Novel	Male	White	Britain	107957
427	uc1.32106001955357	345.0569551841696	1	Stevenson, Robert Louis	More New Arabian Nights	1885	Fiction-Stories	Male	White	Britain	96216
562	umn.31951002044019w	343.4683763759186	1	Forster, E. M.	Where Angels Fear to Tread	1905	Fiction-Novel	Male	White	Britain	61141
25	coo1.ark:/13960/t0ht35x8w	342.25047146748585	1	Bennett, Arnold	The Roll-Call	1918	Fiction-Novel	Male	White	Britain	143170
187	mdp.39015012884543	342.16283153766324	1	Mackenzie, Compton	Sinister Street	1913	Fiction-Novel	Male	White	Britain	231761
223	mdp.39015030738069	341.7257918690701	1	Firbank, [Arthur Annesley] Ronald	Vainglory	1915	Fiction-Novel	Male	White	Britain	65257
192	mdp.39015013962207	340.0524947957748	1	Woolf, Virginia	Mrs Dalloway	1925	Fiction-Novel	Female	White	Britain	77341
285	mdp.39015066862098	339.7608925790249	1	Rider Haggard, H.	She	1887	Fiction-Novel	Male	White	Britain	180421
162	mdp.39015008178132	337.44161642764686	1	Lewis, Wyndham	Snooty Baronet	1932	Fiction-Novel	Male	White	Other	145803
215	mdp.39015030719564	336.7141344807585	1	Wells, H. G.	The Bulpington of Blup	1932	Fiction-Novel	Male	White	Britain	146415
401	uc1.$b244725	335.615518861591	1	Macaulay, Rose	Crewe Train	1926	Fiction-Novel	Female	White	Britain	89388
474	uc1.b3759956	335.5232756715505	1	Wells, H. G.	Apropos of Dolores	1938	Fiction-Novel	Male	White	Britain	99546
276	mdp.39015061185768	333.8318724244763	1	Wells, H. G.	Kipps: The Story of a Simple Soul	1905	Fiction-Novel	Male	White	Britain	158463
65	inu.30000117261093	333.34747020654413	1	Conan Doyle, Arthur	The Adventures of Sherlock Holmes	1891	Fiction-Novel	Male	White	Britain	353685
149	mdp.39015005111680	329.7970143155271	1	Forster, E. M.	Howards End	1910	Fiction-Novel	Male	White	Britain	137054
101	mdp.39015000017742	329.35534547859953	1	Aldington, Richard	Road to Glory	1930	Fiction-Stories	Male	White	Britain	72566
265	mdp.39015055469319	328.54010050413984	1	Orwell, George	Burmese Days	1934	Fiction-Novel	Male	White	South Asia	123577
317	mdp.49015001344549	327.98024278378193	1	Huxley, Aldous	Little Mexican, and Other Stories	1924	Fiction-Stories	Male	White	Britain	76529
111	mdp.39015002164583	327.4859501591532	1	Powys, John Cowper	A Glastonbury Romance	1932	Fiction-Novel	Male	White	Britain	533458
138	mdp.39015003681684	326.99488463447665	1	Galsworthy, John	Tatterdemalion	1920	Fiction-Stories	Male	White	Britain	92662
354	pst.000013460631	326.9173615845883	1	Bowen, Elizabeth	To the North	1932	Fiction-Novel	Female	White	Ireland	114402
347	pst.000002047836	326.7285685142889	1	Maugham, William Somerset	Of Human Bondage	1915	Fiction-Novel	Male	White	Britain	303922
84	inu.39000000700414	325.1531642536885	1	Wells, H. G.	Christina Alberta's Father	1925	Fiction-Novel	Male	White	Britain	146085
163	mdp.39015008194212	324.67880372469784	1	Maugham, William Somerset	The Making of a Saint	1898	Fiction-Novel	Male	White	Britain	93323
117	mdp.39015002692823	323.795922387472	1	Waugh, Evelyn	Scoop	1938	Fiction-Novel	Male	White	Britain	81224
349	pst.000006670955	323.420770422319	1	Galsworthy, John	In Chancery	1920	Fiction-Novel	Male	White	Britain	117494
256	mdp.39015050807257	323.2213092410147	1	Macaulay, Rose	Non-Combatants and Others	1916	Fiction-Novel	Female	White	Britain	77037
258	mdp.39015053044510	323.20166378595655	1	Wells, H. G.	The Sea Lady: A Tissue of Moonshine	1902	Fiction-Novel	Male	White	Britain	71163
477	uc1.b3759962	323.1145086295211	1	Wells, H. G.	The Dream	1924	Fiction-Novel	Male	White	Britain	101512
356	pst.000019744087	322.14681137209465	1	Maugham, William Somerset	The Magician	1908	Fiction-Novel	Male	White	Britain	95919
435	uc1.32106002020342	320.0754919088494	1	Waugh, Evelyn	Black Mischief	1932	Fiction-Novel	Male	White	Britain	78419
376	pst.000044205362	319.05905371753727	1	Maugham, William Somerset	Cakes and Ale: Or the Skeleton in the Cupboard	1930	Fiction-Novel	Male	White	Britain	89952
566	umn.31951002184702q	317.15929897985967	1	Rhys, Jean	Good Morning, Midnight	1939	Fiction-Novel	Female	White	Caribbean	61168
405	uc1.$b251513	315.2088258471235	1	Chesterton, G. K.	Four Faultless Felons 	1930	Fiction-Stories	Male	White	Britain	82485
16	coo.31924013586882	314.8604595690543	1	Bennett, Arnold	A Man From the North	1898	Fiction-Stories	Male	White	Britain	62885
380	pst.000046763440	314.445499630685	1	Kipling, Rudyard	Just So Stories	1902	Fiction-Stories	Male	White	South Asia	47385
93	inu.39000003171605	314.30457020293517	1	Conan Doyle, Arthur	The Memoirs of Sherlock Holmes	1893	Fiction-Novel	Male	White	Britain	121220
177	mdp.39015010378282	313.0146028116886	1	Bowen, Elizabeth	Friends and Relations	1931	Fiction-Novel	Female	White	Ireland	73479
272	mdp.39015060668574	312.854405381095	1	Wells, H. G.	The Invisible Man	1897	Fiction-Novel	Male	White	Britain	76713
45	hvd.hn3mzf	312.13479489341586	1	Richardson, Dorothy	Interim	1919	Fiction-Novel	Female	White	Britain	67599
467	uc1.b3174276	310.270399904069	1	Gissing, George	Born in Exile	1892	Fiction-Novel	Male	White	Britain	200148
112	mdp.39015002174475	309.19304968862974	1	Yeats, William Butler	The Celtic Twilight	1893	Fiction-Stories	Male	White	Ireland	45926
362	pst.000026486734	309.19215661529256	1	Kipling, Rudyard	The Jungle Book	1894	Fiction-Stories	Male	White	South Asia	63391
460	uc1.32106016823210	308.86946755115673	1	Forster, E. M.	Maurice	1914	Fiction-Novel	Male	White	Britain	142455
229	mdp.39015031224069	307.85912056847474	1	Bennett, Arnold	The Vanguard: A Fantasia	1927	Fiction-Novel	Male	White	Britain	103294
370	pst.000032226942	307.200269326264	1	Maugham, William Somerset	The Narrow Corner	1932	Fiction-Novel	Male	White	Britain	95052
489	uc1.b3811090	306.5529202212428	1	Bennett, Arnold	Whom God Hath Joined	1906	Fiction-Novel	Male	White	Britain	106670
167	mdp.39015008568647	306.395327920948	1	Wells, H. G.	The Holy Terror	1939	Fiction-Novel	Male	White	Britain	166778
310	mdp.49015000993858	305.7721708862579	1	Maugham, William Somerset	Christmas Holiday	1939	Fiction-Novel	Male	White	Britain	103999
210	mdp.39015022200417	304.9177279910754	1	Macaulay, Rose	Orphan Island	1925	Fiction-Novel	Female	White	Britain	107570
533	uc2.ark:/13960/t06w9dv3n	303.9885976438107	1	Maugham, William Somerset	The Trembling of a Leaf: Little Stories of the South Sea Islands	1921	Fiction-Stories	Male	White	Britain	89806
549	uc2.ark:/13960/t8rb78c05	302.8052333885627	1	Buchan, John	Prester John	1910	Fiction-Novel	Male	White	Britain	87515
459	uc1.32106016479682	301.35267808443285	1	Pater, Walter	Marius the Epicurean	1885	Fiction-Novel	Male	White	Britain	146672
89	inu.39000001588149	300.9114311556392	1	Delafield, E. M.	Diary of a Provincial Lady	1930	Fiction-Novel	Female	White	Britain	57492
407	uc1.$b285105	299.82153480071435	1	Munro, Hector Hugh	Reginald	1904	Fiction-Novel	Male	White	South Asia	42025
298	mdp.39076005037002	298.2937596945479	1	Galsworthy, John	Flowering Wilderness	1932	Fiction-Novel	Male	White	Britain	100572
478	uc1.b3759970	297.83990854208963	1	Wells, H. G.	Meanwhile: The Picture of a Lady	1927	Fiction-Novel	Male	White	Britain	99718
169	mdp.39015008922083	297.56227825887834	1	Isherwood, Christopher	Mr Norris Changes Trains	1935	Fiction-Novel	Male	White	Britain	78639
417	uc1.$b794703	294.6404655806373	1	Galsworthy, John	The Burning Spear, Being the Experiences of Mr. John Lavender in a Time of War	1919	Fiction-Novel	Male	White	Britain	82134
292	mdp.39015079184662	294.16654018228274	1	Conan Doyle, Arthur	The Return of Sherlock Holmes	1905	Fiction-Novel	Male	White	Britain	138357
75	inu.32000004614402	293.65760902901286	1	Galsworthy, John	Swan Song	1928	Fiction-Novel	Male	White	Britain	130424
92	inu.39000002612757	292.9218102341685	1	Hardy, Thomas	The Mayor of Casterbridge	1886	Fiction-Novel	Male	White	Britain	176839
247	mdp.39015043198889	292.85644923054815	1	Hall, Radclyffe	The Well of Loneliness	1928	Fiction-Novel	Female	White	Britain	195659
504	uc1.b4080428	292.6620348339201	1	Wells, H. G.	Brynhild	1937	Fiction-Novel	Male	White	Britain	84056
522	uc1.b4410171	292.29657101549464	1	Conrad, Joseph	Suspense: A Napoleonic Novel	1925	Fiction-Novel	Male	White	Europe	95451
296	mdp.39076001009948	292.0488156488458	1	Joyce, James	Dubliners	1914	Fiction-Stories	Male	White	Ireland	80466
464	uc1.32106019227708	291.96715993312307	1	Jerome, Jerome K.	Three Men in a Boat	1889	Fiction-Novel	Male	White	Britain	80146
152	mdp.39015005641033	289.7161420887249	1	Maugham, William Somerset	Six Stories Written in the First Person Singular	1931	Fiction-Stories	Male	White	Britain	93885
418	uc1.$b794738	288.9171385646601	1	Firbank, [Arthur Annesley] Ronald	Caprice	1917	Fiction-Novel	Male	White	Britain	25959
280	mdp.39015066055271	287.55563262239207	1	Household, Geoffrey	Rogue Male	1939	Fiction-Novel	Male	White	Britain	69204
480	uc1.b3759972	287.5505735877225	1	Wells, H. G.	Mr. Blettsworthy on Rampole Island	1928	Fiction-Novel	Male	White	Britain	99113
173	mdp.39015009039564	287.4921235034653	1	Aldington, Richard	Seven Against Reeves: A Comedy Farce	1938	Fiction-Novel	Male	White	Britain	101568
570	uva.x000618958	287.45115991866146	1	Maugham, William Somerset	The Explorer	1907	Fiction-Novel	Male	White	Britain	93929
0	aeu.ark:/13960/t12n7s247	287.4471815803853	1	Bennett, Arnold	The Ghost: A Fantasia on Modern Themes	1907	Fiction-Novel	Male	White	Britain	69578
557	uiug.30112041400711	287.39612188365686	1	Bentley, E. C.	Trent's Last Case	1913	Fiction-Novel	Male	White	Britain	86640
125	mdp.39015002714957	286.7438083637843	1	Richardson, Dorothy	The Tunnel	1919	Fiction-Novel	Female	White	Britain	118224
273	mdp.39015060668582	286.22799041084556	1	Wells, H. G.	The First Men in the Moon	1901	Fiction-Novel	Male	White	Britain	96776
334	nyp.33433081998340	286.0469461972999	1	Chesterton, G. K.	Manalive	1912	Fiction-Novel	Male	White	Britain	69569
433	uc1.32106001994984	282.98085662615705	1	Lawrence, D. H.	The Plumed Serpent	1926	Fiction-Novel	Male	White	Britain	213442
525	uc1.b4585024	281.67946645109214	1	Wells, H. G.	Babes in the Darkling Wood	1940	Fiction-Novel	Male	White	Britain	158336
360	pst.000022830753	281.6586565329163	1	Wells, H. G.	Star-Begotten: A Biological Fantasia	1937	Fiction-Novel	Male	White	Britain	44735
462	uc1.32106017680692	280.20226094238103	1	Woolf, Virginia	Orlando	1928	Fiction-Novel	Female	White	Britain	93147
154	mdp.39015005775112	279.1815843554906	1	Waugh, Evelyn	Decline and Fall	1928	Fiction-Novel	Male	White	Britain	77369
313	mdp.49015001000182	278.22204451552744	1	Rhys, Jean	Voyage in the Dark	1934	Fiction-Novel	Female	White	Caribbean	60024
68	inu.32000000357600	276.0379273636524	1	Greene, Graham	It's a Battlefield	1934	Fiction-Novel	Male	White	Britain	80786
527	uc1.b4938307	274.93070084669625	1	Hardy, Thomas	Two on a Tower	1882	Fiction-Novel	Male	White	Britain	132397
530	uc1.c003356752	272.1592487834763	1	Ford, Ford Madox	The Simple Life Limited	1911	Fiction-Novel	Male	White	Britain	140359
126	mdp.39015002715129	271.961555725715	1	Richardson, Dorothy	Revolving Lights	1923	Fiction-Novel	Female	White	Britain	75746
400	uc1.$b244479	271.475664145821	1	Richardson, Dorothy	Oberland	1927	Fiction-Novel	Female	White	Britain	46413
500	uc1.b3865720	270.62914954157486	1	Waugh, Evelyn	Vile Bodies	1930	Fiction-Novel	Male	White	Britain	79075
59	inu.30000048891463	269.74325641858985	1	Rolfe, Frederick	In His Own Image	1901	Fiction-Stories	Male	White	Britain	123080
160	mdp.39015008044854	268.1216965101486	1	Compton-Burnett, Ivy	Daughters and Sons	1937	Fiction-Novel	Female	White	Britain	117111
399	uc1.$b244475	266.9967288480237	1	Richardson, Dorothy	Dawn's Left Hand	1931	Fiction-Novel	Female	White	Britain	56555
365	pst.000029123872	265.4816182836031	1	Moore, George	Esther Waters	1894	Fiction-Novel	Male	White	Ireland	173270
344	osu.32435053039384	265.38917453773934	1	Trollope, Anthony	The Duke's Children	1880	Fiction-Novel	Male	White	Britain	264894
448	uc1.32106011381107	264.43682104059474	1	Stevenson, Robert Louis	The Master of Ballantrae	1889	Fiction-Novel	Male	White	Britain	111936
372	pst.000032609554	264.1889622747123	1	Kipling, Rudyard	The Light that Failed	1890	Fiction-Novel	Male	White	South Asia	89330
342	osu.32435018323915	263.89227917164106	1	Bennett, Arnold	The Price of Love: A Tale	1914	Fiction-Novel	Male	White	Britain	151577
53	inu.30000001017874	262.40520611928946	1	Christie, Agatha	Murder on the Orient Express	1934	Fiction-Novel	Female	White	Britain	76218
195	mdp.39015014579091	262.0163109491585	1	Aldington, Richard	Rejected Guest	1939	Fiction-Novel	Male	White	Britain	115260
324	nyp.33433074875026	261.6401206982166	1	Macaulay, Rose	The Furnace	1907	Fiction-Novel	Female	White	Britain	52362
51	iau.31858004708438	260.9146411703719	1	Weyman, Stanley J.	A Gentleman of France	1893	Fiction-Novel	Male	White	Britain	173620
455	uc1.32106014553967	259.216589861751	1	Greene, Graham	Brighton Rock	1938	Fiction-Novel	Male	White	Britain	128464
224	mdp.39015030738119	258.44033310087354	1	Firbank, [Arthur Annesley] Ronald	The Artificial Princess	1934	Fiction-Novel	Male	White	Britain	24377
524	uc1.b4582173	258.0645161290328	1	Chesterton, G. K.	The Return of Don Quixote	1927	Fiction-Novel	Male	White	Britain	85250
326	nyp.33433074892724	255.92873880311814	1	Maugham, William Somerset	Orientations	1899	Fiction-Stories	Male	White	Britain	60173
419	uc1.$b85948	255.76041324072813	1	Bennett, Arnold	The Old Wives' Tale	1908	Fiction-Novel	Male	White	Britain	258445
82	inu.39000000350756	255.68631691971288	1	Powys, John Cowper	Weymouth Sands: A Novel	1934	Fiction-Novel	Male	White	Britain	258911
199	mdp.39015016415567	255.6028894239674	1	Hartley, Leslie Poles	Simonetta Perkins	1926	Fiction-Novel	Male	White	Britain	26995
547	uc2.ark:/13960/t7vm4dr7d	255.5735787845632	1	Ford, Ford Madox	Mr. Fleight	1913	Fiction-Novel	Male	White	Britain	106036
260	mdp.39015053230531	255.4978587831274	1	Wells, H. G.	The Soul of a Bishop	1917	Fiction-Novel	Male	White	Britain	96674
115	mdp.39015002578469	254.25386270291366	1	Wilde, Oscar	Lord Arthur Savile's Crime and Other Stories	1891	Fiction-Stories	Male	White	Ireland	76695
71	inu.32000002529826	253.54385156160006	1	West, Rebecca	The Harsh Voice: Four Short Novels	1935	Fiction-Novel	Female	White	Ireland	104124
309	mdp.49015000993841	253.05410122164017	1	Maugham, William Somerset	The Casuarina Tree: Six Stories	1926	Fiction-Stories	Male	White	Britain	91680
373	pst.000032609981	252.78058645096127	1	Maugham, William Somerset	The Painted Veil	1925	Fiction-Novel	Male	White	Britain	87032
32	dul1.ark:/13960/t5p855w55	250.4820130843896	1	Beerbohm, Max	Seven Men	1919	Fiction-Stories	Male	White	Britain	60683
452	uc1.32106014380601	249.30454619834666	1	Conrad, Joseph	The Rover	1923	Fiction-Novel	Male	White	Europe	103889
402	uc1.$b244736	249.29268147913547	1	Macaulay, Rose	Keeping Up Appearances	1928	Fiction-Novel	Female	White	Britain	101086
408	uc1.$b312377	249.17580311278033	1	Rhys, Jean	After Leaving Mr Mackenzie	1931	Fiction-Novel	Female	White	Caribbean	52172
424	uc1.32106001930137	249.04155170454018	1	Chesterton, G. K.	The Innocence of Father Brown	1911	Fiction-Novel	Male	White	Britain	96771
116	mdp.39015002606757	248.53801169590704	1	Ford, Ford Madox	No More Parades: A Novel	1925	Fiction-Novel	Male	White	Britain	109440
404	uc1.$b244757	247.58243038564626	1	Macaulay, Rose	What Not: A Prophetic Comedy	1918	Fiction-Novel	Female	White	Britain	68664
551	uc2.ark:/13960/t9959fp9w	246.67872186974083	1	Richardson, Dorothy	Deadlock	1921	Fiction-Novel	Female	White	Britain	95671
327	nyp.33433074926431	246.3089053409393	1	Bennett, Arnold	Hugo: A Fantasia on Modern Themes	1906	Fiction-Novel	Male	White	Britain	70643
381	pst.000051483654	246.0874854836028	1	Maugham, William Somerset	Theatre: A Novel	1937	Fiction-Novel	Male	White	Britain	108498
242	mdp.39015039610442	244.9270895849222	1	Munro, Hector Hugh	The Chronicles of Clovis	1911	Fiction-Novel	Male	White	South Asia	61651
416	uc1.$b787246	244.86442070665547	1	Myers, L. H.	Strange Glory	1936	Fiction-Novel	Male	White	Britain	60850
216	mdp.39015030719598	243.9943663089407	1	Wells, H. G.	The King Who Was a King	1929	Fiction-Novel	Male	White	Britain	50411
128	mdp.39015002742495	243.9707702005464	1	Rolfe, Frederick	Stories Toto Told Me	1898	Fiction-Stories	Male	White	Britain	85666
193	mdp.39015014506813	243.58938325041936	1	Hardy, Thomas	The Well-Beloved	1897	Fiction-Novel	Male	White	Britain	106737
471	uc1.b3435601	242.587239821834	1	Priestley, J. B.	Angel Pavement	1930	Fiction-Novel	Male	White	Britain	223837
498	uc1.b3835494	240.71885428253606	1	Galsworthy, John	Over the River	1933	Fiction-Novel	Male	White	Britain	115072
225	mdp.39015030738325	240.65982850066604	1	Firbank, [Arthur Annesley] Ronald	The Flower Beneath the Foot	1923	Fiction-Novel	Male	White	Britain	42799
236	mdp.39015032333562	239.89313851102784	1	Munro, Hector Hugh	Beasts and Super-Beasts	1914	Fiction-Novel	Male	White	South Asia	73366
278	mdp.39015065539754	239.74826432246155	1	Warner, Sylvia	Lolly Willowes	1926	Fiction-Novel	Female	White	Britain	60063
120	mdp.39015002710260	239.28055243295347	1	Powell, Anthony	Venusberg	1932	Fiction-Novel	Male	White	Britain	62270
429	uc1.32106001976155	239.19371447567977	1	Conrad, Joseph	Youth: A Narrative, and Two Other Stories	1902	Fiction-Stories	Male	White	Europe	123331
230	mdp.39015031224093	238.13759973722694	1	Bennett, Arnold	Dream of Destiny: An Unfinished Novel and Venus Rising from the Sea	1932	Fiction-Novel	Male	White	Britain	73067
47	hvd.hwijhj	238.10070664614835	1	Bennett, Arnold	Hilda Lessways	1911	Fiction-Novel	Male	White	Britain	130617
367	pst.000029575206	238.00564440263642	1	Priestley, J. B.	The Good Companions	1929	Fiction-Novel	Male	White	Britain	318900
511	uc1.b4093278	237.78608638518176	1	Galsworthy, John	Maid in Waiting	1931	Fiction-Novel	Male	White	Britain	127846
307	mdp.49015000982976	237.1000693494283	1	Huxley, Aldous	After Many a Summer	1939	Fiction-Novel	Male	White	Britain	106706
202	mdp.39015018629371	237.05215147332456	1	West, Rebecca	Harriet Hume	1929	Fiction-Novel	Female	White	Ireland	99978
99	inu.39000004633983	235.83903454723153	1	Chesterton, G. K.	The Ball and the Cross	1909	Fiction-Novel	Male	White	Britain	94132
133	mdp.39015003679985	235.6607515388784	1	Galsworthy, John	Captures	1923	Fiction-Stories	Male	White	Britain	77654
353	pst.000010073353	235.04561127390548	1	Conrad, Joseph	Romance: A Novel	1903	Fiction-Novel	Male	White	Europe	193154
297	mdp.39076001541874	233.83223170494983	1	Forster, E. M.	The Longest Journey	1907	Fiction-Novel	Male	White	Britain	118461
161	mdp.39015008045257	233.7151135773445	1	Bowen, Elizabeth	The Death of the Heart	1938	Fiction-Novel	Female	White	Ireland	146332
1	aeu.ark:/13960/t19k5p86c	232.26805453998054	1	Bennett, Arnold	Leonora: A Novel	1903	Fiction-Novel	Male	White	Britain	92996
158	mdp.39015006194115	231.3629942056883	1	West, Rebecca	The Thinking Reed	1936	Fiction-Novel	Female	White	Ireland	146523
55	inu.30000020646570	231.05424570849635	1	Maugham, William Somerset	The Merry-Go-Round	1904	Fiction-Novel	Male	White	Britain	144122
560	umn.319510012033642	230.70495953310353	1	Gissing, George	The Unclassed	1884	Fiction-Novel	Male	White	Britain	160378
486	uc1.b3796889	229.6457331822778	1	Bennett, Arnold	Helen with the High Hand: An Idyllic Diversion	1910	Fiction-Novel	Male	White	Britain	65318
76	inu.32000004673150	229.3490794358768	1	Hardy, Thomas	The Trumpet-Major	1880	Fiction-Novel	Male	White	Britain	157838
383	pst.000057254876	228.633884656994	1	Greene, Graham	A Gun for Sale	1936	Fiction-Novel	Male	White	Britain	89663
572	uva.x030581232	228.46780576138633	1	Galsworthy, John	The Forsyte Saga	1922	Fiction-Novel	Male	White	Britain	390427
189	mdp.39015012924240	225.67856053674882	1	Green, Henry	Blindness	1926	Fiction-Novel	Male	White	Britain	81975
409	uc1.$b322675	225.6349261876445	1	Bennett, Arnold	Lilian 	1922	Fiction-Novel	Male	White	Britain	57172
249	mdp.39015046789809	225.59177556841087	1	Meredith, George	Diana of the Crossways	1885	Fiction-Novel	Male	White	Britain	186177
137	mdp.39015003681668	225.44634740554844	1	Galsworthy, John	To Let	1921	Fiction-Novel	Male	White	Britain	110004
14	coo.31924013586569	225.3030710344736	1	Bennett, Arnold	The City of Pleasure: A Fantasia on Modern Themes	1907	Fiction-Novel	Male	White	Britain	78117
233	mdp.39015031240875	224.98102569662828	1	Isherwood, Christopher	The Memorial	1932	Fiction-Novel	Male	White	Britain	73784
438	uc1.32106005288425	224.2876623842673	1	Grossmith, George	The Diary of a Nobody	1894	Fiction-Novel	Male	White	Britain	55732
542	uc2.ark:/13960/t3xs5n992	224.20128292956332	1	Ashford, Daisy	The Young Visiters	1919	Fiction-Novel	Female	White	Britain	16057
66	inu.30000117262042	223.78059978642253	1	Lawrence, D. H.	Lady Chatterley's Lover	1928	Fiction-Novel	Male	White	Britain	147019
41	hvd.32044021127915	223.17607868437918	1	Wells, H. G.	The Wife of Sir Isaac Harman	1914	Fiction-Novel	Male	White	Britain	151898
148	mdp.39015005100105	222.52021144278635	1	Jacobs, W. W.	Light Freights	1901	Fiction-Stories	Male	White	Britain	102912
220	mdp.39015030719705	222.46306542695746	1	Wells, H. G.	Twelve Stories and a Dream	1903	Fiction-Stories	Male	White	Britain	87655
488	uc1.b3811079	221.87386952851836	1	Bennett, Arnold	The Night Visitor, and Other Stories	1931	Fiction-Stories	Male	White	Britain	124395
472	uc1.b3575558	221.3477619281849	1	Yeats, William Butler	Adoration of the Magi	1897	Fiction-Stories	Male	White	Ireland	8132
104	mdp.39015000631930	221.2147965915067	1	Lawrence, D. H.	The Woman Who Rode Away, and Other Stories	1928	Fiction-Stories	Male	White	Britain	100807
207	mdp.39015019950834	220.7249070631967	1	Munro, Hector Hugh	Reginald in Russia, and Other Sketches	1910	Fiction-Stories	Male	White	South Asia	25824
27	coo1.ark:/13960/t3417ht19	220.67175077072918	1	Bennett, Arnold	Mr. Prohack	1922	Fiction-Novel	Male	White	Britain	154075
170	mdp.39015008988373	220.62620288222303	1	Conrad, Joseph	Tales of Hearsay	1925	Fiction-Stories	Male	White	Europe	42606
329	nyp.33433074926712	220.19964768056397	1	Benson, E. F.	Queen Lucia	1920	Fiction-Novel	Male	White	Britain	102180
269	mdp.39015058086136	219.0684827126394	1	Wells, H. G.	When the Sleeper Wakes: A Story of the Years to Come	1899	Fiction-Novel	Male	White	Britain	104990
371	pst.000032564228	218.96626297577842	1	Burnett, Frances Hodgston	Little Lord Fauntleroy	1886	Fiction-Novel	Female	White	Britain	73984
345	osu.32435061047858	216.57110941400444	1	Conan Doyle, Arthur	The Lost World	1912	Fiction-Novel	Male	White	Britain	87731
323	njp.32101068574498	216.1631802049712	1	Macaulay, Rose	Abbots Verney	1906	Fiction-Novel	Female	White	Britain	130457
303	mdp.49015000915224	215.6167690607459	1	Bennett, Arnold	Imperial Palace	1930	Fiction-Novel	Male	White	Britain	313983
102	mdp.39015000606981	215.41631544441267	1	Orwell, George	Coming up for Air	1939	Fiction-Novel	Male	White	South Asia	96093
490	uc1.b3811092	214.75256769374383	1	Bennett, Arnold	The Woman Who Stole Everything, and Other Stories	1927	Fiction-Stories	Male	White	Britain	107100
514	uc1.b4095551	213.05225386858035	1	Firbank, [Arthur Annesley] Ronald	Santal	1921	Fiction-Novel	Male	White	Britain	8918
142	mdp.39015004253061	212.58695031625192	1	Hornung, E. W.	The Amateur Cracksman	1899	Fiction-Stories	Male	White	Britain	133122
532	uc2.ark:/13960/fk8pc2tq9r	211.265745900123	1	James, Henry	The Wings of the Dove	1902	Fiction-Novel	Male	White	Us	227202
450	uc1.32106013771271	211.17443517199257	1	James, Henry	Washington Square	1881	Fiction-Novel	Male	White	Us	78608
389	uc1.$b106204	210.49151421644245	1	Maugham, William Somerset	The Mixture as Before	1940	Fiction-Novel	Male	White	Britain	90740
204	mdp.39015018991433	210.1883419946385	1	Powys, John Cowper	Maiden Castle	1936	Fiction-Novel	Male	White	Britain	302110
423	uc1.31822038204798	209.43574889990555	1	Macaulay, Rose	The Making of a Bigot	1914	Fiction-Novel	Female	White	Britain	89765
473	uc1.b3741636	209.30067159098977	1	Stevenson, Robert Louis	The Black Arrow	1888	Fiction-Novel	Male	White	Britain	98423
568	umn.31951p001743923	209.29199099757713	1	Beckett, Samuel	Murphy	1938	Fiction-Novel	Male	White	Ireland	69759
19	coo.31924013636521	208.21475659046575	1	Lawrence, D. H.	Aaron's Rod	1922	Fiction-Novel	Male	White	Britain	138799
135	mdp.39015003681395	208.20437791908176	1	Galsworthy, John	Jocelyn	1898	Fiction-Novel	Male	White	Britain	71084
318	mdp.49015001344812	207.83847980997558	1	Greene, Graham	The Confidential Agent	1939	Fiction-Novel	Male	White	Britain	87568
335	nyp.33433082294657	207.19343418088252	1	James, Henry	The Princess Casamassima	1886	Fiction-Novel	Male	White	Us	248560
293	mdp.39015080830469	206.92437045224625	1	Hardy, Thomas	The Woodlanders	1887	Fiction-Novel	Male	White	Britain	190891
507	uc1.b4083252	206.1457192552986	1	Wells, H. G.	The Camford Visitation	1937	Fiction-Novel	Male	White	Britain	15523
184	mdp.39015011506139	204.90803532224277	1	Lewis, Wyndham	Tarr	1918	Fiction-Novel	Male	White	Other	122982
410	uc1.$b386778	204.7388749322151	1	Wells, H. G.	The Food of the Gods, and how it Came to Earth	1904	Fiction-Novel	Male	White	Britain	90359
54	inu.30000007685427	203.79004361558106	1	Waugh, Alec	The Loom of Youth	1917	Fiction-Novel	Male	White	Britain	132980
255	mdp.39015050026163	203.4154879606411	1	Orwell, George	Keep the Aspidistra Flying	1936	Fiction-Novel	Male	White	South Asia	105695
388	uc1.$b106072	202.71045552481667	1	Lewis, Wyndham	The Wild Body: A Soldier of Humour and Other Stories	1927	Fiction-Stories	Male	White	Other	78437
238	mdp.39015034647183	202.366863905325	1	Huxley, Aldous	Brave New World	1932	Fiction-Novel	Male	White	Britain	84500
506	uc1.b4083133	201.3519344167985	1	Wells, H. G.	All Aboard for Ararat	1940	Fiction-Novel	Male	White	Britain	27812
492	uc1.b3834532	201.28964191266812	1	Ford, Ford Madox	Some Do Not..., A Novel	1924	Fiction-Novel	Male	White	Britain	144071
2	aeu.ark:/13960/t3pv7sg8r	200.7794968702018	1	Bennett, Arnold	The Gates of Wrath: A Melodrama	1903	Fiction-Novel	Male	White	Britain	50802
268	mdp.39015058011787	200.48480871926608	1	Woolf, Virginia	The Years	1937	Fiction-Novel	Female	White	Britain	164601
569	uva.x000427943	200.47361892470903	1	Douglas, Norman [George]	South Wind	1917	Fiction-Novel	Male	White	Europe	159622
200	mdp.39015016867767	198.92070744869395	1	Bowen, Elizabeth	The Last September	1929	Fiction-Novel	Female	White	Ireland	101548
575	wu.89099304214	198.91386713816618	1	Richardson, Dorothy	Backwater	1916	Fiction-Novel	Female	White	Britain	63344
24	coo1.ark:/13960/t05x2w944	198.77279405410098	1	Woolf, Virginia	Monday or Tuesday	1921	Fiction-Stories	Female	White	Britain	23142
446	uc1.32106011205272	198.2900151382689	1	Gissing, George	New Grub Street	1891	Fiction-Novel	Male	White	Britain	234505
95	inu.39000003869802	196.31865617665807	1	Galsworthy, John	The Man of Property	1906	Fiction-Novel	Male	White	Britain	135494
442	uc1.32106006269275	195.92352662347955	1	Beckett, Samuel	More Pricks than Kicks	1933	Fiction-Stories	Male	White	Ireland	63290
217	mdp.39015030719606	195.18542615484733	1	Wells, H. G.	Love and Mr Lewisham	1900	Fiction-Novel	Male	White	Britain	79924
81	inu.32000009144157	194.9391668436534	1	Huxley, Aldous	Those Barren Leaves	1925	Fiction-Novel	Male	White	Britain	131836
74	inu.32000004078566	194.84501414357246	1	Conrad, Joseph	A Set of Six	1908	Fiction-Stories	Male	White	Europe	101106
541	uc2.ark:/13960/t28913645	194.6548821548826	1	Macaulay, Rose	The Lee Shore	1913	Fiction-Novel	Female	White	Britain	114048
377	pst.000045759383	194.51181228378996	1	Hardy, Thomas	A Group of Noble Dames	1891	Fiction-Stories	Male	White	Britain	81229
482	uc1.b3796874	193.31164847376414	1	Bennett, Arnold	Accident	1929	Fiction-Novel	Male	White	Britain	86389
519	uc1.b4097693	192.45526633129123	1	Ford, Ford Madox	The Shifting of the Fire	1892	Fiction-Novel	Male	White	Britain	82097
517	uc1.b4095606	191.02419251511327	1	Ford, Ford Madox	A Man Could Stand Up--A Novel	1926	Fiction-Novel	Male	White	Britain	85853
23	coo.31924074619218	190.9811758638467	1	Stevenson, Robert Louis	Catriona	1893	Fiction-Novel	Male	White	Britain	124096
531	uc1.c052623615	190.8541480482891	1	Hope, Anthony	The Prisoner of Zenda	1894	Fiction-Novel	Male	White	Britain	66019
363	pst.000026767062	190.79418077748585	1	Conan Doyle, Arthur	The Hound of the Baskervilles	1901	Fiction-Novel	Male	White	Britain	83860
9	coo.31924013216837	190.37513263841214	1	Richardson, Dorothy	Honeycomb	1917	Fiction-Novel	Female	White	Britain	64084
510	uc1.b4091384	190.34973826910962	1	Lawrence, D. H.	The Lost Girl	1920	Fiction-Novel	Male	White	Britain	170213
97	inu.39000004309766	190.2143507936259	1	Chesterton, G. K.	The Paradoxes of Mr. Pond	1937	Fiction-Stories	Male	White	Britain	62561
483	uc1.b3796882	189.12818009883492	1	Bennett, Arnold	Elsie and the Child	1924	Fiction-Stories	Male	White	Britain	114737
20	coo.31924014172187	188.0521297997026	1	Woolf, Virginia	Kew Gardens	1919	Fiction-Stories	Female	White	Britain	22866
437	uc1.32106002021704	187.60236240011866	1	Williams, Charles	War in Heaven	1930	Fiction-Novel	Male	White	Britain	100745
536	uc2.ark:/13960/t10p12n34	186.82716971986	1	Beerbohm, Max	Zuleika Dobson; or an Oxford Love Story	1911	Fiction-Novel	Male	White	Britain	99022
348	pst.000005348527	186.5372024361016	1	Conrad, Joseph	The Inheritors: An Extravagant Story	1901	Fiction-Novel	Male	White	Europe	80949
248	mdp.39015046387364	185.43324665773645	1	Wells, H. G.	Country of the Blind	1911	Fiction-Stories	Male	White	Britain	190365
218	mdp.39015030719622	185.410760291914	1	Wells, H. G.	The Plattner Story, and Others	1897	Fiction-Stories	Male	White	Britain	92767
314	mdp.49015001002139	185.2877126933153	1	Sayers, Dorothy	The Nine Tailors	1934	Fiction-Novel	Female	White	Britain	135465
244	mdp.39015041313043	184.27627265800788	1	Huxley, Aldous	Antic Hay	1923	Fiction-Novel	Male	White	Britain	112874
129	mdp.39015003448845	184.25421469824875	1	Huxley, Aldous	Point Counter Point	1928	Fiction-Novel	Male	White	Britain	213835
421	uc1.31175005812105	184.21106494463461	1	Huxley, Aldous	Mortal Coils	1922	Fiction-Stories	Male	White	Britain	48857
316	mdp.49015001034074	184.0743505908402	1	Chesterton, G. K.	The Man Who Was Thursday: A Nightmare	1908	Fiction-Novel	Male	White	Britain	77686
136	mdp.39015003681411	182.90789034729448	1	Galsworthy, John	The Island Pharisees	1904	Fiction-Novel	Male	White	Britain	86929
228	mdp.39015030846771	182.81821306915825	1	Bowen, Elizabeth	Ann Lee's, and Other Stories	1926	Fiction-Stories	Female	White	Ireland	63998
355	pst.000019367736	182.75440524554492	1	Conrad, Joseph	Typhoon and Other Stories	1903	Fiction-Stories	Male	White	Europe	161966
15	coo.31924013586585	181.7852943836486	1	Bennett, Arnold	Clayhanger	1910	Fiction-Novel	Male	White	Britain	110570
42	hvd.32044072024789	179.8289104384798	1	Huxley, Aldous	Limbo	1920	Fiction-Stories	Male	White	Britain	59501
157	mdp.39015005971810	179.7680372429783	1	Lehmann, Rosamond	The Weather in the Streets: A Novel	1936	Fiction-Novel	Female	White	Britain	161319
558	uiug.30112042040854	178.92948646541203	1	Sinclair, May	Mary Olivier, A Life	1919	Fiction-Novel	Female	White	Britain	143632
470	uc1.b3346991	178.65916298182137	1	Richardson, Dorothy	The Trap	1925	Fiction-Novel	Female	White	Britain	44778
451	uc1.32106014299330	178.29284599955457	1	Joyce, James	Portrait of An Artist as a Young Man	1916	Fiction-Novel	Male	White	Ireland	103201
412	uc1.$b56284	178.24927586231735	1	Aldington, Richard	Women Must Work	1934	Fiction-Novel	Male	White	Britain	139131
425	uc1.32106001938288	178.16527672479265	1	Hardy, Thomas	Wessex Tales	1888	Fiction-Novel	Male	White	Britain	184660
250	mdp.39015046801612	177.97334603904233	1	Huxley, Aldous	Crome Yellow	1921	Fiction-Novel	Male	White	Britain	71359
509	uc1.b4089521	177.92275187189557	1	Beerbohm, Max	The Happy Hypocrite: A Fairy Tale for Tired Men	1897	Fiction-Stories	Male	White	Britain	13489
212	mdp.39015028687088	177.22640673460361	1	Wells, H. G.	The Stolen Bacillus, and Other Incidents	1895	Fiction-Stories	Male	White	Britain	51911
281	mdp.39015066069033	176.61403352425947	1	Stevenson, Robert Louis	The New Arabian Nights	1882	Fiction-Stories	Male	White	Britain	123433
445	uc1.32106008792647	176.19638198691365	1	James, Henry	The Aspern Papers and The Turn of the Screw	1888	Fiction-Novel	Male	White	Us	116915
443	uc1.32106006956004	175.56813520387212	1	Mansfield, Katherine	The Aloe	1930	Fiction-Stories	Female	White	Australasia	60945
146	mdp.39015005041283	175.2664049355023	1	Chesterton, G. K.	The Wisdom of Father Brown	1912	Fiction-Novel	Male	White	Britain	85584
520	uc1.b4097966	173.5512365525603	1	Bagnold, Enid	National Velvet	1935	Fiction-Novel	Female	White	Britain	89887
198	mdp.39015016414727	173.40818946521244	1	Maugham, William Somerset	Ah, King: Six Stories	1933	Fiction-Stories	Male	White	Britain	104378
221	mdp.39015030724986	171.776081565933	1	Chesterton, G. K.	Tales of the Long Bow	1925	Fiction-Stories	Male	White	Britain	72187
357	pst.000020900496	170.32702789355574	1	Wells, H. G.	In the Days of the Comet	1906	Fiction-Novel	Male	White	Britain	99808
31	coo1.ark:/13960/t9v12m24d	169.2109891084275	1	Chesterton, G. K.	The Man Who Knew Too Much, and Other Stories	1922	Fiction-Stories	Male	White	Britain	135334
72	inu.32000002820936	169.12165848336062	1	Conrad, Joseph	Almayer's Folly	1895	Fiction-Novel	Male	White	Europe	73320
505	uc1.b4082740	168.8678838102635	1	Woolf, Virginia	The Voyage Out	1915	Fiction-Novel	Female	White	Britain	185352
134	mdp.39015003681346	167.93695904921856	1	Galsworthy, John	A Man of Devon	1901	Fiction-Stories	Male	White	Britain	61928
295	mdp.39015092894172	167.4866534073068	1	Douglas, Norman [George]	Unprofessional Tales	1901	Fiction-Stories	Male	White	Europe	57318
237	mdp.39015032477062	167.4003007716876	1	Huxley, Aldous	Eyeless in Gaza	1936	Fiction-Novel	Male	White	Britain	182198
534	uc2.ark:/13960/t0pr7q78x	167.34291543451826	1	Ford, Ford Madox	The Panel: A Sheer Comedy	1912	Fiction-Novel	Male	White	Britain	87246
113	mdp.39015002299934	166.73374346001265	1	Wells, H. G.	Things to Come	1936	Fiction-Novel	Male	White	Britain	52179
328	nyp.33433074926589	166.642515577453	1	Bennett, Arnold	These Twain	1915	Fiction-Novel	Male	White	Britain	179426
38	hvd.32044018923557	164.98099132056507	1	Huxley, Aldous	Chrome Yellow	1921	Fiction-Novel	Male	White	Britain	69705
145	mdp.39015005028835	164.5559956910081	1	Wells, H. G.	Ann Veronica: A Modern Love Story	1909	Fiction-Novel	Male	White	Britain	117893
294	mdp.39015088638062	164.21196422213671	1	Jefferies, Richard	Bevis	1882	Fiction-Novel	Male	White	Britain	137627
144	mdp.39015005021566	163.9169012578844	1	Orwell, George	A Clergyman's Daughter	1935	Fiction-Novel	Male	White	South Asia	112252
201	mdp.39015016884994	161.7661052431248	1	Chesterton, G. K.	The Incredulity of Father Brown	1926	Fiction-Stories	Male	White	Britain	84072
521	uc1.b4098055	161.50092777128708	1	Aldington, Richard	The Colonel's Daughter	1931	Fiction-Novel	Male	White	Britain	116408
382	pst.000056831450	160.88475963177595	1	Bennett, Arnold	Anna of the Five Towns: A Novel	1902	Fiction-Novel	Male	White	Britain	93856
17	coo.31924013599190	160.79204972643052	1	Conrad, Joseph	Under Western Eyes	1911	Fiction-Novel	Male	White	Britain	134335
571	uva.x000926858	160.69456608659206	1	James, Henry	The Golden Bowl	1904	Fiction-Novel	Male	White	Us	131305
109	mdp.39015001347221	159.67622691554342	1	Joyce, James	Finnegan's Wake	1939	Fiction-Novel	Male	White	Ireland	262406
83	inu.39000000350780	159.31789272175385	1	Powys, John Cowper	Wolf Solent	1929	Fiction-Novel	Male	White	Britain	317604
305	mdp.49015000979592	159.30458484120174	1	Galsworthy, John	The Patrician	1911	Fiction-Novel	Male	White	Britain	108597
197	mdp.39015014841145	158.8470352690055	1	Maugham, William Somerset	Mrs. Craddock	1902	Fiction-Novel	Male	White	Britain	120871
561	umn.31951001206673a	158.4905660377357	1	Firbank, [Arthur Annesley] Ronald	Valmouth: A Romantic Novel	1919	Fiction-Novel	Male	White	Britain	39750
526	uc1.b4717712	158.17555125360036	1	Wells, H. G.	Tales of Space and Time	1899	Fiction-Stories	Male	White	Britain	84716
107	mdp.39015001130619	157.5882151421719	1	Barrie, J. M.	Auld Licht Idylls	1888	Fiction-Novel	Male	White	Britain	72975
537	uc2.ark:/13960/t1cj8gv9c	156.01470608186006	1	Conrad, Joseph	Within the Tides: Tales	1915	Fiction-Stories	Male	White	Europe	73711
263	mdp.39015054072536	153.3444202069065	1	Sayers, Dorothy	Murder Must Advertise	1933	Fiction-Novel	Female	White	Britain	138903
487	uc1.b3810633	152.80898876404495	1	Conrad, Joseph	The Nature of a Crime	1923	Fiction-Novel	Male	White	Europe	22250
151	mdp.39015005273563	150.3352592220434	1	Lewis, Wyndham	The Apes of God	1930	Fiction-Novel	Male	White	Other	258755
550	uc2.ark:/13960/t91836s7n	149.49489524167606	1	West, Rebecca	The Judge	1922	Fiction-Novel	Female	White	Ireland	223419
479	uc1.b3759971	148.8633222040278	1	Wells, H. G.	Men Like Gods	1923	Fiction-Novel	Male	White	Britain	94046
18	coo.31924013615509	148.54457917636785	1	Galsworthy, John	The Dark Flower	1913	Fiction-Novel	Male	White	Britain	94921
535	uc2.ark:/13960/t0wp9wh4k	148.3834018847296	1	Mansfield, Katherine	In a German Pension	1911	Fiction-Novel	Female	White	Australasia	38414
180	mdp.39015010701871	147.6287137848313	1	Chesterton, G. K.	The Secret of Father Brown	1927	Fiction-Novel	Male	White	Britain	75866
343	osu.32435052478203	147.1363316936054	1	Lawrence, D. H.	Women in Love	1920	Fiction-Novel	Male	White	Britain	227680
234	mdp.39015031241063	145.85597437510722	1	James, Henry	The Outcry	1911	Fiction-Stories	Male	White	Us	69932
39	hvd.32044018987289	145.66476619667026	1	Maugham, William Somerset	The Hero	1901	Fiction-Novel	Male	White	Britain	87873
447	uc1.32106011340103	145.33729370840405	1	James, Henry	What Maisie Knew	1897	Fiction-Novel	Male	White	Us	125914
539	uc2.ark:/13960/t22b9778q	144.90543014032986	1	Galsworthy, John	Beyond	1917	Fiction-Novel	Male	White	Britain	144232
132	mdp.39015003676882	144.7424435930183	1	Forster, E. M.	The Eternal Moment and Other Stories	1928	Fiction-Stories	Male	White	Britain	35235
80	inu.32000007265780	143.55784184711086	1	Lawrence, D. H.	Sun	1928	Fiction-Stories	Male	White	Britain	8359
468	uc1.b3209748	143.41590612777068	1	Lawrence, D. H.	The Ladybird; The Fox; The Captain's Doll	1923	Fiction-Stories	Male	White	Britain	107380
444	uc1.32106007991901	142.6163619862568	1	du Maurier, Daphne	Rebecca	1938	Fiction-Novel	Female	White	Britain	192825
284	mdp.39015066681548	142.4824325637123	1	Hardy, Thomas	Life's Little Ironies	1894	Fiction-Stories	Male	White	Britain	92643
156	mdp.39015005948743	142.45014245014252	1	Bennett, Arnold	Riceyman Steps: A Novel	1923	Fiction-Novel	Male	White	Britain	117234
288	mdp.39015077637869	140.9192006655462	1	Hardy, Thomas	Jude the Obscure	1895	Fiction-Novel	Male	White	Britain	176697
43	hvd.32044090347501	140.6190689809862	1	Galsworthy, John	Five Tales	1918	Fiction-Stories	Male	White	Britain	115916
35	hvd.32044010105435	140.47979252215256	1	Barrie, J. M.	Peter Pan in Kensington Gardens	1906	Fiction-Novel	Male	White	Britain	27762
8	coo.31924013216811	139.85614796209606	1	Richardson, Dorothy	Pointed Roofs	1915	Fiction-Novel	Female	White	Britain	70072
49	hvd.hwjx3w	139.68201799433038	1	Galsworthy, John	The Freelands	1915	Fiction-Novel	Male	White	Britain	121705
182	mdp.39015011304147	138.86080215706093	1	Conrad, Joseph	Tales of Unrest	1898	Fiction-Stories	Male	White	Europe	74175
368	pst.000030844360	138.5070617615579	1	Conrad, Joseph	Victory	1915	Fiction-Novel	Male	White	Europe	142953
56	inu.30000035055387	138.14739881817107	1	Lawrence, D. H.	The Rainbow	1915	Fiction-Novel	Male	White	Britain	224398
411	uc1.$b439708	137.15539706487448	1	Bowen, Elizabeth	Encounters	1925	Fiction-Stories	Female	White	Ireland	43746
333	nyp.33433075767313	136.85479093898718	1	Wells, H. G.	The Wonderful Visit	1895	Fiction-Novel	Male	White	Britain	48957
414	uc1.$b787244	135.6313473816533	1	Myers, L. H.	The Pool of Vishnu	1940	Fiction-Novel	Male	White	Britain	181374
481	uc1.b3759999	135.0533999486301	1	Aldington, Richard	Very Heaven	1937	Fiction-Novel	Male	White	Britain	120693
22	coo.31924052984741	134.05820139462932	1	James, Henry	The Ambassadors	1903	Fiction-Novel	Male	White	Us	188724
441	uc1.32106006215591	134.04498186552905	1	Woolf, Virginia	The Waves	1931	Fiction-Novel	Female	White	Britain	286471
279	mdp.39015065979588	133.81705721422625	1	Lehmann, Rosamond	Invitation to the Waltz	1932	Fiction-Novel	Female	White	Britain	67256
503	uc1.b4064067	133.54376593419943	1	Beerbohm, Max	The Dreadful Dragon of Hay Hill	1928	Fiction-Stories	Male	White	Britain	24711
6	coo.31924008035770	133.4079978918242	1	Wilde, Oscar	The Happy Prince and Other Tales	1888	Fiction-Stories	Male	White	Ireland	60716
77	inu.32000005550878	132.48347636641986	1	Chesterton, G. K.	The Scandal of Father Brown	1935	Fiction-Stories	Male	White	Britain	67933
434	uc1.32106001997508	132.1304342482082	1	Lewis, Wyndham	The Revenge for Love	1937	Fiction-Novel	Male	White	Other	162718
431	uc1.32106001987129	131.4060446780552	1	Greene, Graham	The Man Within	1929	Fiction-Novel	Male	White	Britain	86754
454	uc1.32106014473422	131.1815491625737	1	Rider Haggard, H.	King Solomon's Mines	1885	Fiction-Novel	Male	White	Britain	98337
209	mdp.39015020726702	130.7169902037384	1	Bowen, Elizabeth	The Cat Jumps, and Other Stories	1934	Fiction-Stories	Female	White	Ireland	66556
254	mdp.39015049493359	129.47063060958283	1	James, Henry	The Ivory Tower	1917	Fiction-Novel	Male	White	Us	102726
103	mdp.39015000610488	128.37417589252382	1	Woolf, Virginia	Night and Day	1919	Fiction-Novel	Female	White	Britain	200975
546	uc2.ark:/13960/t71v5hr9z	126.73108830322096	1	Galsworthy, John	Saint's Progress	1919	Fiction-Novel	Male	White	Britain	119939
374	pst.000033048772	126.6732856311409	1	Lawrence, D. H.	Sons and Lovers	1913	Fiction-Novel	Male	White	Britain	204463
319	mdp.49015001441162	126.24991286432402	1	Schreiner, Olive	The Story of an African Farm	1883	Fiction-Novel	Female	White	Sub-Saharan Africa	129109
179	mdp.39015010594201	125.50155368509941	1	Somerville, Edith	Some Experiences of an Irish R. M. 	1899	Fiction-Novel	Female	White	Ireland	165735
141	mdp.39015004165125	125.36055025515874	1	Compton-Burnett, Ivy	Dolores	1911	Fiction-Novel	Female	White	Britain	90140
100	loc.ark:/13960/t2v419n7g	123.53870733985765	1	Powys, John Cowper	Wood and Stone: A Romance	1915	Fiction-Novel	Male	White	Britain	229078
28	coo1.ark:/13960/t5db8kz2x	122.08657047724755	1	Sinclair, May	The Life and Death of Harriett Frean	1922	Fiction-Novel	Female	White	Britain	27030
206	mdp.39015019666547	121.9222076840729	1	Greene, Graham	The Power and the Glory	1940	Fiction-Novel	Male	White	Britain	100884
574	wu.89065155434	121.59594680177322	1	Forster, E. M.	The Celestial Omnibus and Other Stories	1911	Fiction-Stories	Male	White	Britain	39475
34	hvd.32044004999371	119.57860499599386	1	Wells, H. G.	The History of Mr. Polly	1910	Fiction-Novel	Male	White	Britain	83627
114	mdp.39015002311556	119.44503996814801	1	Burnett, Frances Hodgston	The Secret Garden	1911	Fiction-Novel	Female	White	Britain	97953
466	uc1.b000790794	119.00714042842576	1	West, Rebecca	Return of the Soldier	1918	Fiction-Novel	Female	White	Ireland	35292
453	uc1.32106014380650	118.52061159775198	1	Conrad, Joseph	An Outcast of the Islands	1896	Fiction-Novel	Male	White	Europe	127404
315	mdp.49015001011247	116.9590643274855	1	Williams, Charles	The Place of the Lion	1931	Fiction-Novel	Male	White	Britain	80370
267	mdp.39015056229209	115.11375947995656	1	Wells, H. G.	The Time Machine	1895	Fiction-Novel	Male	White	Britain	44304
4	aeu.ark:/13960/t9k373624	115.06989430617118	1	Bennett, Arnold	The Glimpse: An Adventure of the Soul	1909	Fiction-Novel	Male	White	Britain	93856
567	umn.31951p00148123s	114.43554390214076	1	Ford, Ford Madox	The Benefactor: A Tale of a Small Circle	1905	Fiction-Novel	Male	White	Britain	90007
340	osu.32435017802885	112.86681715575634	1	Conrad, Joseph	The Arrow of Gold	1919	Fiction-Novel	Male	White	Europe	125812
351	pst.000006721145	112.06863237624141	1	Walpole, Hugh	Mr. Perrin and Mr. Traill	1911	Fiction-Novel	Male	White	Britain	77631
394	uc1.$b244157	111.20302689214655	1	Powys, Theodore Francis	Innocent Birds	1926	Fiction-Novel	Male	White	Britain	73739
140	mdp.39015003681916	109.74539069359075	1	Galsworthy, John	A Motley	1910	Fiction-Stories	Male	White	Britain	54672
96	inu.39000004044819	109.0300642305825	1	Lehmann, Rosamond	A Note in Music	1930	Fiction-Novel	Female	White	Britain	92635
37	hvd.32044011328713	106.91464233322566	1	Lawrence, D. H.	England, My England	1922	Fiction-Stories	Male	White	Britain	80438
213	mdp.39015030710704	106.5359363902505	1	Powys, John Cowper	Morwyn, or the Vengance of God	1937	Fiction-Novel	Male	White	Britain	115454
338	osu.32435007395684	106.26506850097694	1	Lawrence, D. H.	The Trespasser	1912	Fiction-Novel	Male	White	Britain	87517
364	pst.000028366003	106.09667736259189	1	Lawrence, D. H.	The Virgin and the Gipsy	1930	Fiction-Stories	Male	White	Britain	38644
190	mdp.39015013252823	104.75591870940713	1	Mansfield, Katherine	The Doves' Nest, and Other Stories	1923	Fiction-Stories	Female	White	Australasia	57276
529	uc1.b5336132	104.68694818626699	1	Mansfield, Katherine	Bliss, and Other Stories	1920	Fiction-Stories	Female	White	Australasia	79284
26	coo1.ark:/13960/t14m9r09c	103.27712180534562	1	Galsworthy, John	The Little Man, and Other Stories	1915	Fiction-Stories	Male	White	Britain	64874
246	mdp.39015043188716	103.19860182539482	1	Hardy, Thomas	Tess of the D'Urbervilles	1891	Fiction-Novel	Male	White	Britain	180235
304	mdp.49015000920166	102.40600206967909	1	Bowen, Elizabeth	The Hotel	1927	Fiction-Novel	Female	White	Ireland	92768
312	mdp.49015000998766	100.06440927493549	1	Powys, Theodore Francis	Mr. Tasker's Gods	1925	Fiction-Novel	Male	White	Britain	86944
118	mdp.39015002709866	99.20166280882448	1	Powys, John Cowper	Ducdame	1925	Fiction-Novel	Male	White	Britain	169352
153	mdp.39015005691608	99.10802775024763	1	James, Henry	The Sense of the Past	1917	Fiction-Novel	Male	White	Us	103927
5	coo.31924006118453	98.88205116273652	1	Carroll, Lewis	Sylvie and Bruno	1889	Fiction-Novel	Male	White	Britain	85961
491	uc1.b3834403	98.50397094132872	1	Galsworthy, John	The Country House	1907	Fiction-Novel	Male	White	Britain	97458
476	uc1.b3759961	98.49152454512469	1	Wells, H. G.	The Croquet Player: A Story	1937	Fiction-Novel	Male	White	Britain	19291
543	uc2.ark:/13960/t3zs2w44g	98.25185844317143	1	Wells, H. G.	The Undying Fire	1919	Fiction-Novel	Male	White	Britain	53943
283	mdp.39015066650105	98.00718719372762	1	Webb, Mary	Precious Bane	1924	Fiction-Novel	Female	White	Britain	125501
311	mdp.49015000993924	96.67927700714591	1	Maugham, William Somerset	Liza of Lambeth	1897	Fiction-Novel	Male	White	Britain	47580
320	miun.afb2696.0001.001	96.24937903626426	1	Wells, H. G.	The Brothers: A Story	1938	Fiction-Novel	Male	White	Britain	32208
415	uc1.$b787245	94.79849676669411	1	Myers, L. H.	Prince Jali	1931	Fiction-Novel	Male	White	Britain	88609
87	inu.39000001387062	93.31259720062208	1	Potter, Beatrix	Peter Rabbit	1902	Fiction-Novel	Female	White	Britain	3215
165	mdp.39015008337951	92.74181287438807	1	Lehmann, Rosamond	Dusty Answer	1927	Fiction-Novel	Female	White	Britain	131548
565	umn.31951002117987b	92.18550560204233	1	Myers, L. H.	The Near and the Far	1929	Fiction-Novel	Male	White	Britain	98714
336	nyp.33433107875183	89.88602452090751	1	Garnett, David	Lady Into Fox	1922	Fiction-Novel	Male	White	Britain	27813
339	osu.32435015440100	89.56115036322028	1	Grahame, Kenneth	The Wind in the Willows	1908	Fiction-Stories	Male	White	Britain	70343
253	mdp.39015048709714	89.45334069574844	1	de la Mare, Walter	Memoirs of a Midget	1921	Fiction-Novel	Male	White	Britain	181100
70	inu.32000001881533	87.35531775496834	1	Powys, Theodore Francis	Make Thyself Many	1935	Fiction-Stories	Male	White	Britain	4579
159	mdp.39015008040225	86.03082255369198	1	Conrad, Joseph	Chance	1913	Fiction-Novel	Male	White	Britain	161570
523	uc1.b4538464	85.92574009031622	1	Conrad, Joseph	The Rescue	1920	Fiction-Novel	Male	White	Europe	159440
119	mdp.39015002709973	85.87887115526908	1	Powys, John Cowper	Rodmoor: A Romance	1916	Fiction-Novel	Male	White	Britain	151376
457	uc1.32106014704156	85.77666874610102	1	James, Henry	The Awkward Age	1899	Fiction-Novel	Male	White	Us	179536
544	uc2.ark:/13960/t4hm5k49t	85.33805080417098	1	Lawrence, D. H.	The White Peacock	1911	Fiction-Novel	Male	White	Britain	160538
350	pst.000006696801	83.95177809866026	1	Myers, L. H.	The Orissers	1922	Fiction-Novel	Male	White	Britain	178674
499	uc1.b3862556	83.01965112878425	1	Compton-Burnett, Ivy	A House and Its Head	1935	Fiction-Novel	Female	White	Britain	105999
227	mdp.39015030742442	82.27792307014195	1	Douglas, Norman [George]	They Went	1920	Fiction-Novel	Male	White	Europe	68062
552	uc2.ark:/13960/t9g450491	80.91433195104683	1	Galsworthy, John	Awakening	1920	Fiction-Stories	Male	White	Britain	9887
251	mdp.39015047547255	79.98118089861204	1	Woolf, Virginia	To the Lighthouse	1927	Fiction-Novel	Female	White	Britain	85020
322	njp.32101068574464	78.99433386321303	1	Lawrence, D. H.	The Prussian Officer and Other Stories	1914	Fiction-Stories	Male	White	Britain	102539
188	mdp.39015012896208	78.97733534143919	1	Wells, H. G.	The Island of Dr Moreau	1896	Fiction-Novel	Male	White	Britain	54446
67	inu.30000121090348	78.08433107756377	1	Powys, Theodore Francis	A Strong Girl and the Bride	1926	Fiction-Stories	Male	White	Britain	3842
390	uc1.$b242636	77.0543232979251	1	Mansfield, Katherine	The Garden Party and Other Stories	1922	Fiction-Stories	Female	White	Australasia	72676
194	mdp.39015014510633	76.85629296480266	1	Mansfield, Katherine	Something Childish, and Other Stories	1924	Fiction-Stories	Female	White	Australasia	70261
124	mdp.39015002711649	76.1851454514358	1	Powys, Theodore Francis	Captain Patch: Twenty-One Stories	1935	Fiction-Stories	Male	White	Britain	64317
48	hvd.hwjway	75.37390538457633	1	Galsworthy, John	Fraternity	1909	Fiction-Novel	Male	White	Britain	118078
308	mdp.49015000991985	71.67057597081057	1	Lewis, Wyndham	The Childermass: Section 1	1928	Fiction-Novel	Male	White	Other	138132
393	uc1.$b244156	71.18862761673823	1	Powys, Theodore Francis	Black Bryony	1923	Fiction-Novel	Male	White	Britain	44951
123	mdp.39015002711490	70.9986783322957	1	Powys, Theodore Francis	The Left Leg	1923	Fiction-Stories	Male	White	Britain	91551
241	mdp.39015039039691	70.96287754468446	1	Christie, Agatha	The Murder of Roger Ackroyd	1926	Fiction-Novel	Female	White	Britain	90188
175	mdp.39015009283667	69.66005891250697	1	Compton-Burnett, Ivy	Brothers and Sisters	1929	Fiction-Novel	Female	White	Britain	100488
508	uc1.b4088177	69.60805311629898	1	Nesbit, Edith	The Railway Children	1906	Fiction-Novel	Female	White	Britain	74704
58	inu.30000038731067	68.50347312608747	1	Powys, Theodore Francis	Fables	1934	Fiction-Stories	Male	White	Britain	72989
515	uc1.b4095578	67.0088585711031	1	Green, Henry	Party Going	1939	Fiction-Novel	Male	White	Britain	74617
330	nyp.33433074942974	65.88735387885227	1	Conrad, Joseph	The Shadow Line	1917	Fiction-Novel	Male	White	Europe	47050
391	uc1.$b242750	63.7190146864558	1	Douglas, Norman [George]	In the Beginning	1927	Fiction-Novel	Male	White	Europe	64345
208	mdp.39015020699826	61.14366022376747	1	White, T. H.	The Sword in the Stone	1939	Fiction-Novel	Male	White	Britain	109578
232	mdp.39015031234613	60.68792701787355	1	Hartley, Leslie Poles	Night Fears, and Other Stories	1924	Fiction-Stories	Male	White	Britain	51081
465	uc1.a0001378843	59.20763270967966	1	Anstey, F.	Vice Versa	1882	Fiction-Novel	Male	White	Britain	118228
366	pst.000029198023	58.39110059738587	1	Lewis, C. S.	Out of the Silent Planet	1938	Fiction-Novel	Male	White	Britain	66791
502	uc1.b3884572	54.58312141022933	1	Lewis, C. S.	The Pilgrim's Regress	1933	Fiction-Novel	Male	White	Britain	80611
396	uc1.$b244159	48.55379066379966	1	Powys, Theodore Francis	Mark Only	1924	Fiction-Novel	Male	White	Britain	72085
392	uc1.$b243988	47.55352300781087	1	Powys, Theodore Francis	Mr. Weston's Good Wine	1927	Fiction-Novel	Male	White	Britain	98836
398	uc1.$b244163	46.75436268749133	1	Powys, Theodore Francis	The White Paternoster, and Other Stories	1931	Fiction-Stories	Male	White	Britain	79137
397	uc1.$b244162	39.78708532716814	1	Powys, Theodore Francis	The Two Thieves	1933	Fiction-Stories	Male	White	Britain	92995
150	mdp.39015005250439	39.421073379512315	1	Milne, A. A.	House at Pooh Corner	1928	Fiction-Novel	Male	White	Britain	35514
369	pst.000031167109	37.14103192643103	1	MacDonald, George	The Princess and Curdie	1883	Fiction-Novel	Male	White	Britain	67311
395	uc1.$b244158	36.06853020739403	1	Powys, Theodore Francis	Kindness in a Corner	1930	Fiction-Novel	Male	White	Britain	66540
235	mdp.39015031241972	36.02008891816236	1	James, Henry	The Two Magics	1898	Fiction-Stories	Male	White	Us	97168
385	uc1.$b104376	33.534540576794086	1	Powys, Theodore Francis	Unclay	1932	Fiction-Novel	Male	White	Britain	107352
122	mdp.39015002711458	30.643513789581192	1	Powys, Theodore Francis	Mockery Gap	1925	Fiction-Novel	Male	White	Britain	68530
191	mdp.39015013439065	30.519596124011294	1	Compton-Burnett, Ivy	Pastors and Masters: A Study	1925	Fiction-Novel	Female	White	Britain	39319
121	mdp.39015002711391	29.824038174768862	1	Powys, Theodore Francis	Uriah on the Hill	1930	Fiction-Stories	Male	White	Britain	6706
554	uc2.ark:/13960/t9s17xn03	22.31774648980662	1	Webb, Mary	Gone to Earth	1917	Fiction-Novel	Female	White	Britain	103057
428	uc1.32106001975207	20.966375175811795	1	Compton-Burnett, Ivy	Men and Wives	1931	Fiction-Novel	Female	White	Britain	114469
78	inu.32000005560109	15.419011641353787	1	Compton-Burnett, Ivy	More Women Than Men	1933	Fiction-Novel	Female	White	Britain	90797
222	mdp.39015030727195	11.742700653397415	1	Compton-Burnett, Ivy	A Family and a Fortune	1939	Fiction-Novel	Female	White	Britain	119223
