	htid	pub_date_htrc	title_htrc
0			
1			
2	uc1.32106005534992	1985	Hawksmoor/Ackroyd, Peter,
3			
4	mdp.39015034434293	1994	Dan Leno and the Limehouse Golem/Ackroyd, Peter,
5	wu.89004150314	1897	East end idylls/Adcock, Arthur St. John,
6			
7			
8	dul1.ark:/13960/t4pk17787	1765	The drummer;/Addison, Joseph,
9			
10			
11			
12			
13			
14			
15			
16			
17			
18			
19	mdp.39015014812724	1934	Women must work/Aldington, Richard,
20			
21			
22			
23			
24	mdp.49015002975721	1998	Jack, knave, and fool/Alexander, Bruce,
25			
26			
27	mdp.39015020681048	1973	The Rachel papers/Amis, Martin.
28	mdp.39015000674690	1981	Other people/Amis, Martin.
29	mdp.39015054076289	1984	Money/Amis, Martin.
30	mdp.49015001268607	1989	London fields/Amis, Martin.
31			
32	mdp.39015034902638	1995	The information/Amis, Martin.
33	mdp.39015011239707	1970	Efraim's book/Andersch, Alfred,
34			
35			
36			
37			
38			
39			
40			
41			
42			
43			
44			
45			
46			
47			
48	mdp.39015043788341	1984	First among equals/Archer, Jeffrey,
49			
50			
51			
52	uc1.$b299587	1923	These charming people/Arlen, Michael,
53			
54			
55	mdp.39015063516895	1937	People in cages/Ashton, Helen,
56			
57			
58			
59	uc1.b3477444	1980	Old soldiers/Bailey, Paul,
60			
61	mdp.39015028752544	1988	As time goes by/Bailey, Hilary,
62	mdp.39015019639668	1990	In search of love, money & revenge/Bailey, Hilary,
63			
64			
65	mdp.39015051321019	1975	Sweet William/Bainbridge, Beryl,
66	inu.30000120966423	1977	Injury time/Bainbridge, Beryl,
67	mdp.39015030848918	1979	Young Adolf/Bainbridge, Beryl,
68	pst.000012773596	1985	Watson's apology/Bainbridge, Beryl,
69	uc2.ark:/13960/t1zc7tb4j	1899	Stories of the streets of London/Baker, Henry Barton,
70			
71	pst.000068121068	1975	Crash/Ballard, J. G.,
72			
73	inu.32000009191661	1960	The L-shaped room/Banks, Lynne Reid,
74	mdp.39015017682173	1981	The writing on the wall/Banks, Lynne Reid,
75			
76			
77	loc.ark:/13960/t8bg36950	1922	The puppet show of memory/Baring, Maurice,
78			
79			
80	uc1.32106005224586	1980	Metroland/Barnes, Julian.
81			
82			
83			
84	mdp.39015051324146	1971	The in-between time/Baron, Alexander,
85			
86			
87			
88	uc1.b3796846	1936	The balcony/Bell, Adrian.
89			
90			
91			
92			
93			
94			
95	uc2.ark:/13960/t76t0p36c	1911	A man from the North/Bennett, Arnold,
96	mdp.39015017642870	1923	Riceyman steps;/Bennett, Arnold,
97			
98	uc2.ark:/13960/t1cj8g82c	1916	The freaks of Mayfair/Benson, E. F. (Edward Frederic),
99	inu.30000067523815	1999	Lucia in London/(Edward Frederic), Benson, E. F.
100			
101	mdp.39015010905241	1937	Old London/Benson, E. F. (Edward Frederic),
102	inu.39000002775034	1933	The Camberwell miracle/(John Davys), Beresford, J. D.
103	uc1.32106006662065	1979	Corker's freedom/Berger, John.
104			
105			
106	uc1.b4538445	1982	People at play/Berridge, Elizabeth.
107			
108	loc.ark:/13960/t6pz5rh20	1901	East London/Besant, Walter, Sir,
109	coo1.ark:/13960/t5bc4jj49	1909	London in the nineteenth century/Besant, Walter,
110	uiuo.ark:/13960/t6h13936j	1886	Children of Gibeon/Besant, Walter, Sir,
111			
112	uiuo.ark:/13960/t04x5k01r	1882	All sorts and conditions of men/Besant, Walter, Sir,
113			
114	mdp.39015032556519	1993	Suckers/Billson, Anne.
115	uc1.b3917588	1993	Victoria Line ; Central Line/Binchy, Maeve.
116	uc1.32106011994172	1983	London Transports/Binchy, Maeve.
117	mdp.39015038919224	1988	Silver wedding/Binchy, Maeve.
118			
119			
120			
121	njp.32101067707156	1883	The Monarch of Mincing Lane/Black, William,
122	umn.319510019913964	1890	Kit and Kitty/Blackmore, R. D. (Richard Doddridge),
123			
124			
125			
126	inu.30000055094902	1899	Dismal England/Blatchford, Robert,
127			
128	mdp.39015057581020	1986	Jew boy/Blumenfeld, Simon.
129			
130			
131	mdp.39015037048215	1987	London's child/Boast, Philip.
132			
133			
134	mdp.39015011598318		
135	inu.32000006208294	1938	The death of the heart/Bowen, Elizabeth,
136	mdp.39015008542618	1947	The heat of the day/Bowen, Elizabeth,
137			
138			
139			
140			
141			
142			
143			
144			
145			
146			
147			
148			
149			
150			
151			
152	mdp.39015051353905	1988	The Crypto-Amnesia Club/Bracewell, Michael,
153			
154			
155	mdp.39015004264001	1983	Love and glory/Bragg, Melvyn,
156			
157			
158	uc1.b3477704	1968	The crying game/Braine, John.
159	mdp.39015016452412	1965	Choice of straws/Braithwaite, E. R. (Edward Ricardo)
160			
161			
162			
163			
164			
165			
166			
167			
168			
169			
170			
171			
172			
173			
174			
175	mdp.39015007062626	1985	Family and friends/Brookner, Anita.
176	mdp.39015029237065	1992	Fraud/Brookner, Anita.
177			
178			
179			
180	uc1.b3897641	1954	Hackenfeller's Ape/Brophy, Brigid,
181			
182	mdp.39015024076393	1968	The day of the pigeons/Brown, Roy.
183			
184			
185			
186	mdp.39015031213799	1940	Memory hold-the-door/Buchan, John,
187	nyp.33433074930953	1906	A lodge in the wilderness/Buchan, John,
188			
189			
190			
191			
192			
193	mdp.39015030853033		
194	uc1.$b299723	1924	The wind and the rain/Burke, Thomas,
195	mdp.39015005686343		
196	hvd.32044090299520		
197	uc1.$b299715	1929	The Bloomsbury wonder/Burke, Thomas,
198	uc1.$b299721	1931	A tea-shop in Limehouse/Burke, Thomas,
199			
200			
201			
202	mdp.39015030853025	1939	Abduction/Burke, Thomas,
203	inu.32000005557592	1944	Dark nights/Burke, Thomas,
204	mdp.39015031219655	1946	Son of London/Burke, Thomas,
205	mdp.39015059375629	1938	The Winsome Wench;/Burke, Thomas,
206			
207			
208			
209			
210			
211	uc1.$b361294	1962	Oh, Mary, this London/Campbell, Michael,
212			
213			
214			
215	mdp.39015041985980	1998	Jack Maggs/Carey, Peter,
216	mdp.39015046012889	1998	Brixton bwoy/Carr, Rocky.
217	uc2.ark:/13960/t6833q26k	1920	Brother Scots/Carswell, Donald,
218	mdp.39015022014891	1991	Wise children/Carter, Angela,
219			
220			
221			
222			
223			
224	njp.32101063605396	1857	The Sister of Charity; or, From Bermendsey to Belgravia/Challice, Annie Emma,
225			
226			
227			
228			
229	mdp.39015016446000	1965	Lucy/Chapman, Hester W.,
230			
231			
232			
233			
234			
235			
236			
237			
238			
239			
240	uc1.$b391276	1967	Number 10;/Clark, William,
241			
242			
243			
244			
245			
246			
247			
248			
249			
250			
251			
252	uc1.$b794471	1945	London belongs to me/Collins, Norman,
253	uc1.b3346495	1951	Children of the Archbishop/Collins, Norman,
254			
255			
256	mdp.39015008969936	1981	The vet's daughter/Comyns, Barbara,
257			
258			
259			
260			
261			
262			
263			
264			
265	mdp.39015008932363	1982	Scenes from metropolitan life/Cooper, William,
266	mdp.39015010487109	1961	Scenes from married life/Cooper, William,
267	iau.31858003919192	1897	Jane : a social incident/Corelli, Marie,
268	uc1.$b87181	1953	Westward the sun/Cotterell, Geoffrey
269			
270			
271			
272			
273			
274			
275			
276			
277			
278	uc1.$b86267	1955	The flower girls/Dane, Clemence.
279	mdp.39015034657281	1935	The strange death of Liberal England/Dangerfield, George,
280			
281			
282			
283			
284			
285			
286	uc1.32106012548365	2000	Waterloo sunset/Davies, Ray,
287			
288	inu.39000003271397	1895	London idylls/Dawson, William James,
289			
290			
291			
292			
293			
294			
295			
296			
297			
298			
299			
300			
301			
302			
303	mdp.39015017706931	1990	Bombay duck/Dhondy, Farrukh,
304	dul1.ark:/13960/t7mp5q31m	1904	The storm of London/Dickberry, F.
305	uiuo.ark:/13960/t8hf13h4d	1800	A tale of two cities ; and Sketches by Boz/Dickens, Charles,
306	hvd.32044090341371	1861	Pickwick papers/Dickens, Charles,
307	pst.000029568574	    	The adventures of Oliver Twist/Dickens, Charles,
308	pst.000029568499	    	The life and adventures of Martin Chuzzlewit/Dickens, Charles,
309	inu.30000005050624	    	Bleak house/Dickens, Charles,
310	pst.000029568598	    	Our mutual friend/Dickens, Charles,
311	pst.000029568444	    	Little Dorrit/Dickens, Charles,
312	uc1.$b242447	1948	Joy and Josephine/Dickens, Monica,
313	uc1.$b100221	1961	The heart of London/Dickens, Monica,
314			
315			
316	mdp.39015018398431	1894	The story of a modern woman/Dixon, Ella Hepworth.
317			
318			
319			
320			
321			
322			
323			
324			
325			
326			
327			
328			
329			
330			
331			
332			
333			
334			
335	mdp.39015002178104	1980	The middle ground/Drabble, Margaret,
336	uc1.b5015685	1969	Wounds/Duffy, Maureen.
337	mdp.39015009362602	1976	Capital/Duffy, Maureen.
338	mdp.39015001749764	1983	Londoners, an elegy/Duffy, Maureen.
339	mdp.39015016921044	1987	Change/Duffy, Maureen.
340			
341			
342	mdp.39015010546615	1966	Up the junction/Dunn, Nell,
343	uc1.$b800758	1967	Poor cow/Dunn, Nell,
344	mdp.39015031231940	1974	Tear his head off his shoulders/Dunn, Nell,
345			
346	uc1.b5018822	1961	The Minister/Edelman, Maurice,
347	uc1.31175018440571	1820	Belinda/Edgeworth, Maria,
348			
349			
350	inu.30000037367020	1990	Stealing time/Edwards, Nicky.
351	osu.32435079213039	1870	Pierce Egan's Finish to the adventures of Tom, Jerry, and Logic, in their pursuits through life in and out of London/Egan, Pierce,
352			
353			
354			
355	uc1.b4948549	1982	The 27th Kingdom/Ellis, Alice Thomas.
356	mdp.39015019354979	1972	In the Ditch/Emecheta, Buchi.
357			
358			
359			
360	mdp.39015059418312	1915	Alice and a family/Ervine, St. John G. (St. John Greer),
361			
362			
363			
364	uc1.32106015739649	2001	Primrose Hill/Falconer, Helen
365			
366			
367	uc1.a0001192707	1873	London's heart /by B.L. Farjeon/Farjeon, B. L. (Benjamin Leopold),
368	uiuo.ark:/13960/t59c79p60	1876	The Duchess of Rosemary Lane/Farjeon, B. L. (Benjamin Leopold),
369			
370			
371	mdp.39015015335774	1989	All you need/Feinstein, Elaine,
372			
373			
374			
375			
376	mdp.39015022236049	1992	Firedrake's eye/Finney, Patricia,
377			
378	mdp.39015030738069	1925	Vainglory/Firbank, Ronald,
379	uc1.$b794738	1917	Caprice/Firbank, Ronald,
380	uc1.32106015791764	1987	Postcards from the edge/Fisher, Carrie.
381			
382			
383			
384	coo1.ark:/13960/t3zs39f8s	1919	The Middle temple murder/Fletcher, J. S. (Joseph Smith),
385			
386	hvd.32044050946250	1905	The soul of London/Ford, Ford Madox,
387	mdp.39015008171038	1938	Mightier than the sword/Ford, Ford Madox,
388			
389			
390	miun.ach0321.0002.001	1872	The life of Charles Dickens/Forster, John,
391	inu.30000009690029	1987	Howard's End by E.M. Forster/Milligan, Ian.
392			
393			
394			
395			
396			
397			
398			
399			
400	uc1.b3472656	1961	The leather boys/Freeman, Gillian.
401			
402			
403	none		
404			
405			
406			
407	mdp.39015027243107	1988	The fires of Bride/Galford, Ellen.
408			
409	mdp.39015013265163	1985	Moll Cutpurse, her true history/Galford, Ellen.
410			
411	uc2.ark:/13960/t3708064f	1906	The man of property/Galsworthy, John,
412	uc2.ark:/13960/t5t72b219	1909	Fraternity/Galsworthy, John,
413	coo1.ark:/13960/t8tb1p85j	1920	In chancery/Galsworthy, John,
414	uc2.ark:/13960/t6zw1cd9r	1921	To let/Galsworthy, John,
415	uc1.$b87340	1924	The white monkey/Galsworthy, John,
416	uc1.$b87339	1926	The silver spoon/Galsworthy, John,
417	mdp.39015003681734	1928	Swan song/Galsworthy, John,
418			
419	mdp.39015024085808	1967	Smith/Garfield, Leon.
420			
421			
422			
423			
424			
425			
426			
427			
428			
429			
430	mdp.39015015468948	1989	Boy-sandwich/Gilroy, Beryl.
431			
432			
433	inu.32000002995019	1925	The immortal Dickens/Gissing, George,
434	mdp.39015000604200	1935	Workers in the dawn/Gissing, George,
435	uiuo.ark:/13960/t1rf64403	1884	The unclassed/Gissing, George,
436	uc2.ark:/13960/t6833tf8q	1800	Demos/Gissing, George,
437	uiuo.ark:/13960/t1ng5cm7p	1889	The nether world/Gissing, George,
438	coo1.ark:/13960/t9w09mm3q	1895	Eve's ransom/Gissing, George,
439	uc2.ark:/13960/t6vx0c852	1895	The paying guest/Gissing, George,
440	coo1.ark:/13960/t97661n2p	1897	The whirlpool/Gissing, George,
441	uc2.ark:/13960/t3kw5dd7g	1898	The town traveller/Gissing, George,
442	coo1.ark:/13960/t24b3mw08	1899	The crown of life/Gissing, George,
443	uc2.ark:/13960/t2w37rn54	1905	Will Warburton;/Gissing, George,
444	coo.31924013458207	1891	New Grub Street/Gissing, George,
445			
446			
447	nyp.33433074856299	1894	In the year of jubilee/Gissing, George,
448	coo1.ark:/13960/t7mp5kn90	1903	The private papers of Henry Ryecroft/Gissing, George,
449			
450			
451	mdp.39015008597059	1955	An episode of sparrows/Godden, Rumer,
452	mdp.39015008847116	1983	Mr. Bedford and the muses/Godwin, Gail.
453			
454			
455			
456			
457			
458			
459			
460			
461			
462	mdp.39015033860902	1907	The governance of London;/Gomme, George Laurence,
463			
464			
465			
466	miun.abs1027.0001.001	1907	Father and son/Gosse, Edmund,
467	loc.ark:/13960/t8nc7751z	1896	Critical kit-kats/Gosse, Edmund,
468	uc2.ark:/13960/t0bv7cw87	1894	In russet & silver/Gosse, Edmund,
469			
470			
471			
472	mdp.39015016868393	1943	The story of Marie Powell, wife to Mr. Milton/Graves, Robert,
473	uc1.b4974507	1985	The fall of Kelvin Walker/Gray, Alasdair.
474			
475			
476	inu.30000005018324	1950	Caught;/Green, Henry,
477	mdp.39015000577331	1946	Back;/Green, Henry,
478	mdp.39015000654932	1952	Doting/Green, Henry,
479	uc1.32106013052219	1951	The end of the affair/Greene, Graham,
480	nyp.33433074859434	1866	The true history of a little ragamuffin/the novelist. Greenwood, James,
481			
482			
483			
484			
485	uc1.$b251212	    	Diary of a nobody/Grossmith, George,
486	uc1.b2808912	1950	Did Adelaide Bartlett---?/Gwynn, Gordon.
487			
488			
489	uc1.b3872919	1935	Twenty thousand streets under the sky/Hamilton, Patrick,
490	mdp.39015014513728	1947	The slaves of solitude/Hamilton, Patrick,
491	mdp.39015014513736	1972	Hangover square;/Hamilton, Patrick,
492	mdp.39015031237665	1946	No directions/Hanley, James,
493	mdp.39015031237970	1973	A woman in the sky/Hanley, James,
494			
495			
496			
497			
498			
499			
500			
501			
502			
503			
504			
505			
506			
507			
508			
509			
510			
511			
512			
513			
514			
515			
516			
517			
518			
519			
520			
521			
522	loc.ark:/13960/t1kh13g69	1863	Our old home/Hawthorne, Nathaniel,
523	wu.89059837211	1922	Tilly of Bloomsbury;/Hay, Ian.
524			
525			
526	uc1.32106010226865	1992	Yardie/Headley, Victor.
527	mdp.39015033263883	1994	Excess/Headley, Victor.
528			
529	uc1.32106013832966	1995	Fetish/Headley, Victor
530	uc1.32106013833105	1997	Here comes the bride/Headley, Victor
531			
532			
533	inu.30000038737031	1993	Behaving badly/Heath, Catherine.
534	uc1.b4446358	1986	Man's storm/Heller, Keith.
535			
536			
537	uc1.$b84103	1944	The incredible city/Mrs., Henrey, Robert,
538	inu.32000009471386	1946	The siege of London/Mrs., Henrey, Robert,
539	uc1.$b83620	1955	Paloma/Mrs., Henrey, Robert,
540			
541	uc1.$b747310	1969	London under fire, 1940-45/Mrs., Henrey, Robert,
542	uc2.ark:/13960/t2g737q2h	1895	When London burned/Henty, G. A. (George Alfred),
543			
544			
545			
546			
547	uc2.ark:/13960/t45q4th39	1897	Flames/Hichens, Robert Smythe,
548	coo1.ark:/13960/t2b85t851	1898	The Londoners/Hichens, Robert Smythe,
549			
550			
551			
552	uc1.$b281774	1934	Tales of the jesters/(Robert Henry), Hill, Robert H.
553	mdp.39015029208397	1992	The mist in the mirror/Hill, Susan,
554	mdp.39015016435763	1957	Happy as Larry/Hinde, Thomas,
555			
556			
557			
558			
559			
560			
561			
562			
563			
564			
565	mdp.39015024878202	1969	Something in disguise/Howard, Elizabeth Jane.
566			
567			
568	coo1.ark:/13960/t9183v91b	1892	Aladdin in London/Hume, Fergus,
569	wu.89014293799	1899	The silent house in Pimlico/Hume, Fergus,
570	wu.89014040836	1900	A traitor in London/Hume, Fergus,
571			
572			
573			
574			
575			
576	mdp.39015029498956	1923	Antic hay/Huxley, Aldous,
577			
578	inu.30000038198788	1993	Bisi/Ilori, Remi.
579			
580			
581	uc2.ark:/13960/t5n87438b	1886	The Princess Casamassima;/James, Henry,
582			
583			
584			
585			
586			
587	uc1.$b103834	1962	The road from the monument/Jameson, Storm,
588	mdp.39015014861531	1966	The early life of Stephen Hind/Jameson, Storm,
589	uc1.$b300990	1935	Love in winter/Jameson, Storm,
590			
591			
592	mdp.39015014138427	1961	This bed thy centre/Johnson, Pamela Hansford,
593			
594			
595			
596	mdp.39015030754231	1949	The Philistines/Johnson, Pamela Hansford,
597	mdp.39015011679266	1954	An impossible marriage/Johnson, Pamela Hansford,
598	uc1.$b242793	1959	The humbler creation/Johnson, Pamela Hansford,
599			
600	mdp.39015060000109	1987	Albert Angelo/(Bryan Stanley), Johnson, B. S.
601	mdp.39015042157993	1997	Gabriel's ladder/Johnson, Samuel,
602	uc1.b3406875	1966	Nobody's garden/Jones, Cordelia.
603			
604			
605	mdp.39015030751658	1973	Holding on/Jones, Mervyn.
606			
607			
608			
609			
610			
611			
612			
613			
614			
615			
616	mdp.39015049864096	1982	Going to heaven/Katiyo, Wilson.
617	uc2.ark:/13960/t78s4tc10	1856	Rachel Gray/Kavanagh, Julia,
618			
619			
620			
621			
622	uc1.b2800528	    	Andrew Golding/Keeling, Annie E.
623			
624	mdp.39015049862462	1981	The bells of Shoreditch/Kennaway, James,
625			
626			
627			
628			
629			
630			
631			
632			
633			
634			
635	uc1.$b102104	1947	Prelude to a certain midnight/Kersh, Gerald,
636	mdp.39015053483148	2001	Fowler's End/Kersh, Gerald,
637	uc1.b4091387	1966	The angel and the cuckoo/Kersh, Gerald,
638			
639			
640	mdp.39015032175690	1993	O.P.P/King, Naomi.
641			
642	mdp.39015040571823	1997	Headhunters/King, John,
643	mdp.39015010521865	1975	The needle/King, Francis Henry,
644	mdp.39015020486141	1976	Me and my million/King, Clive.
645			
646	hvd.hwkqc2	1850	Alton Locke/Kingsley, Charles,
647	iau.31858058742572	1899	The Hillyars and Burtons/Kingsley, Henry,
648			
649			
650			
651			
652			
653			
654			
655			
656			
657			
658			
659	inu.30000026345441	1992	Sweet Thames/Kneale, Matthew,
660	uc1.b3472749	1969	By the waters of whitechapel/Kops, Bernard,
661	uc1.$b808652	1971	The passionate past of Gloria Gaye/Kops, Bernard,
662			
663			
664	inu.30000126982325	2009	The black album/Kureishi, Hanif.
665	mdp.39015045655688	1997	Love in a blue time/Kureishi, Hanif.
666			
667			
668			
669			
670			
671	uc2.ark:/13960/t88g8ss81	1894	Cock Lane and common-sense/Lang, Andrew,
672			
673			
674			
675	mdp.39015063932977	1883	A Chelsea householder/Lawless, Emily,
676			
677			
678			
679			
680	inu.32000002629865	1934	The noise of history/Lehmann, John,
681			
682			
683			
684			
685			
686			
687			
688			
689	dul1.ark:/13960/t0pr8j32j	1889	Miss Meredith/Levy, Amy,
690	uc1.32106018920386	    	The apes of God/Lewis, Wyndham,
691	mdp.39015011361808	1951	Rotting hill/Lewis, Wyndham,
692			
693			
694			
695			
696			
697			
698			
699			
700			
701			
702	mdp.39015021991388	1991	City of the mind/Lively, Penelope,
703	mdp.39015012961457	1985	Accommodation offered/Livia, Anna.
704			
705			
706			
707			
708			
709			
710			
711			
712			
713	mdp.39015031241477	1907	Listener's lure;/Lucas, E. V. (Edward Verrall),
714	coo1.ark:/13960/t0ks77r69	1908	Over Bemerton's;/Lucas, E. V. (Edward Verrall),
715			
716			
717			
718			
719	nyp.33433112047091	1915	Arthur's/(Albert Neil), Lyons, A. Neil
720	uc2.ark:/13960/t8gf0rn7t	1909	Sixpenny pieces/Lyons, A. Neil (Albert Neil),
721			
722	uc2.ark:/13960/t4fn13b4h	1916	Moby lane and thereabouts/(Albert Neil), Lyons, A. Neil
723			
724	mdp.39015063938958	1919	A London lot/Lyons, A. Neil (Albert Neil),
725	uc2.ark:/13960/t4hm5436j	1922	A market bundle/(Albert Neil), Lyons, A. Neil
726			
727			
728			
729			
730	mdp.39015020486216	1977	No end to yesterday/Macdonald, Shelagh.
731	uc2.ark:/13960/t6nz83909	1903	The masterfolk/Macfall, Haldane,
732			
733	inu.39000003273724	1957	City of Spades/MacInnes, Colin.
734	uc1.32106014759010	1960	Absolute beginners/MacInnes, Colin.
735	uc1.b4091398	1960	Mr. Love and Justice/MacInnes, Colin.
736			
737			
738			
739			
740			
741			
742			
743			
744	uc1.$b243929	1956	My old man's a dustman/Mankowitz, Wolf,
745	uc1.$b389841	1973	The blue Arabian nights;/Mankowitz, Wolf.
746			
747			
748			
749	njp.32101065863696	1855	The old Chelsea bun-house/Manning, Anne,
750	uc2.ark:/13960/t8jd4sb70	1853	Cherry & Violet/Manning, Anne,
751	mdp.39015005747012	1955	The doves of Venus/Manning, Olivia.
752			
753			
754	inu.32000009544521	1963	Possession/Markandaya, Kamala,
755			
756	mdp.39015005444388	1982	Pleasure city/Markandaya, Kamala,
757	hvd.hn1gqx	1917	The beetle/Marsh, Richard,
758			
759			
760			
761			
762			
763	mdp.39015043780223	1998	Incomparable world/Martin, S. I.
764			
765			
766			
767			
768			
769			
770	uc1.$b243482	1921	Liza of Lambeth/Maugham, W. Somerset (William Somerset),
771			
772			
773	uc2.ark:/13960/t6vx0fv22	1858	Paved with gold;/Mayhew, Augustus,
774			
775	mdp.39015023647756	1987	The child in time/McEwan, Ian.
776	mdp.39015019442147	1990	Spider/McGrath, Patrick,
777	mdp.39076000979406	1987	Master Cornhill/McGraw, Eloise Jarvis.
778			
779			
780			
781			
782			
783	mdp.39015031823761	1976	The West End horror/Meyer, Nicholas.
784	mdp.39015030760501	1979	In a strange land/Middleton, Stanley,
785			
786			
787			
788			
789			
790			
791			
792			
793			
794			
795	mdp.39015008830088	1982	Sour sweet/Mo, Timothy.
796			
797			
798			
799	mdp.39015014278033	1988	Mother London/Moorcock, Michael,
800	mdp.39015073446000	1946	The listening world/Moore, Reginald,
801			
802	uc2.ark:/13960/t59c6vp0b	1906	Joseph Vance/De Morgan, William,
803	uc2.ark:/13960/t6b27s285	1907	Alice-for-short/De Morgan, William Frend,
804	uc2.ark:/13960/t3kw5ms5x	1906	Somehow good/De Morgan, William Frend,
805	hvd.hn5m6y	1900	It never can happen again/De Morgan, William Frend,
806	aeu.ark:/13960/t75t4xv5v	1910	An affair of dishonour/De Morgan, William Frend,
807	uc2.ark:/13960/t3513xc55	1911	A likely story/De Morgan, William Frend,
808	coo1.ark:/13960/t09w10k30	1914	When ghost meets ghost/De Morgan, William,
809	uc2.ark:/13960/t6c24z72r	1919	The old madhouse/De Morgan, William Frend,
810	coo1.ark:/13960/t5h99pb3j	1921	The old man's youth/De Morgan, William,
811			
812			
813	uc2.ark:/13960/t6nz8211s	1894	Tales of mean streets/Morrison, Arthur,
814	uc2.ark:/13960/t52f7wr0j	1896	A child of the Jago/Morrison, Arthur,
815	uc2.ark:/13960/t0gt5p19c	1899	To London town/Morrison, Arthur,
816	uc2.ark:/13960/t80k2kt3v	1902	The hole in the wall/Morrison, Arthur,
817			
818	mdp.39015040371356	1997	Felix in the underworld/Mortimer, John,
819			
820			
821			
822			
823			
824	inu.32000002613497	1954	Under the net/Murdoch, Iris.
825			
826	uiug.30112052944540	1886	A life's atonement/Murray, David Christie,
827			
828			
829			
830	mdp.39015005862209	1963	Mr. Stone and the knights companion/Naipaul, V. S. (Vidiadhar Surajprasad),
831			
832			
833			
834			
835			
836	mdp.39015047458396	1998	Manners/Newman, Robert,
837			
838			
839			
840			
841			
842			
843			
844	mdp.39015002299959	1974	Girls in their married bliss/O'Brien, Edna.
845			
846	mdp.39015047713527	1999	Open cut/(Jerry M.) O'Neill, J. M.
847			
848			
849			
850			
851			
852			
853			
854			
855			
856			
857			
858	uc1.32106008645993	1989	The men's room/Oakley, Ann.
859			
860	mdp.39015011950204	1870	Piccadilly;/Oliphant, Laurence,
861	uiuo.ark:/13960/t00z7t18b	1894	A house in Bloomsbury/Oliphant, (Margaret), Mrs.
862			
863			
864			
865			
866			
867			
868			
869			
870			
871			
872			
873			
874	uiug.30112071966698	1862	Meliboeus in London/Payn, James,
875			
876			
877			
878			
879			
880			
881			
882			
883			
884			
885			
886			
887	mdp.39015032438247	1980	The foolish virgin/Penn, Margaret.
888			
889			
890			
891			
892			
893			
894			
895			
896	mdp.49015002980606	1990	Bethlehem Road/Perry, Anne.
897			
898			
899			
900			
901			
902	mdp.49015002968049	1994	The Hyde Park headsman/Perry, Anne.
903			
904	mdp.49015002968031	1997	The silent cry/Perry, Anne.
905			
906			
907			
908			
909			
910	inu.30000009160684	1965	The dwarfs/Pinter, Harold,
911	mdp.39015032447693	1994	Annunciation/Plante, David.
912			
913			
914			
915	mdp.39015005658284	1931	Afternoon men/Powell, Anthony,
916	uc1.b3929734	1955	The acceptance world;/Powell, Anthony,
917			
918			
919	inu.39000003817223	1930	Angel pavement/(John Boynton), Priestley, J. B.
920	mdp.39015002712027	1936	They walk in the city;/(John Boynton), Priestley, J. B.
921			
922	pst.000005637072	1895	A street in Suburbia/Pugh, Edwin,
923			
924			
925			
926	nyp.33433075771752	1903	The stumbling-block/Pugh, Edwin,
927			
928			
929	uiug.30112069651054	1906	The spoilers/Pugh, Edwin,
930			
931			
932			
933			
934			
935			
936			
937			
938			
939	inu.39000003837593	1916	Slings and arrows/Pugh, Edwin,
940			
941			
942	mdp.39015063946761		
943			
944			
945	mdp.39015019996431	1989	When the monster dies/Pullinger, Kate.
946			
947	uc1.32106007995209	1955	Less than angels/Pym, Barbara.
948	mdp.39015005264588	1958	A glass of blessings/Pym, Barbara.
949	mdp.39015013934156	1981	No fond return of love/Pym, Barbara.
950	mdp.39015005023232	1977	Quartet in autumn/Pym, Barbara.
951	mdp.39015046800887	1978	The sweet dove died / Barbara Pym/Pym, Barbara.
952			
953			
954			
955			
956			
957			
958			
959			
960			
961	uc2.ark:/13960/t6ww7bz4r	1922	Tell England;/Raymond, Ernest,
962			
963	uc1.$b63669	1935	We, the accused;/Raymond, Ernest,
964			
965	uc1.$b104969	1937	The marsh;/Raymond, Ernest,
966			
967			
968			
969			
970			
971			
972	uc1.$b787324	1951	A chorus ending/Raymond, Ernest,
973			
974			
975			
976			
977	mdp.39015000607716	1974	The old June weather/Raymond, Ernest,
978			
979			
980	uc1.$b63669	1935	We, the accused;/Raymond, Ernest,
981			
982			
983			
984			
985	inu.39000000597984	1973	Gower Street/Rayner, Claire.
986			
987			
988			
989			
990			
991			
992			
993			
994			
995			
996			
997			
998			
999			
1000	pst.000012506781	1977	A demon in my view/Rendell, Ruth,
1001	uc1.32106013036931	1996	The keys to the street/Rendell, Ruth,
1002			
1003			
1004			
1005			
1006			
1007			
1008	mdp.39015002714957	1919	The tunnel/Richardson, Dorothy M. (Dorothy Miller),
1009	mdp.39015002715194	1919	Interim/Richardson, Dorothy M. (Dorothy Miller),
1010	uc2.ark:/13960/t2k64gm5g	1921	Deadlock/Richardson, Dorothy M. (Dorothy Miller),
1011	uc1.$b244474	1923	Revolving lights/Richardson, Dorothy Miller,
1012	uc1.b3346991	1925	The trap/(Dorothy Miller), Richardson, Dorothy M.
1013	uc1.$b244475	1931	Dawn's left hand/Richardson, Dorothy Miller,
1014			
1015			
1016			
1017			
1018	uc1.b3327156		
1019	hvd.hn5pqd	1896	A clever wife/(William Pett), Ridge, W. Pett
1020	uc2.ark:/13960/t26971q18	1896	The second opportunity of Mr. Staplehurst;/(William Pett), Ridge, W. Pett
1021			
1022			
1023	uiug.30112052915037	1898	Mord Em'ly/(William Pett), Ridge, W. Pett
1024	iau.31858024419412	1913	A son of the state/Ridge, William Pett,
1025	uiug.30112052915128	1899	Outside the radius/(William Pett), Ridge, W. Pett
1026	nyp.33433112051077	1900	A breaker of laws/(William Pett), Ridge, W. Pett
1027	hvd.32044086836491	1901	London only/(William Pett), Ridge, W. Pett
1028			
1029	uiug.30112051972989	1903	Erb/(William Pett), Ridge, W. Pett
1030	uc1.b3562130	    	George and the general/(William Pett), Ridge, W. Pett
1031			
1032			
1033			
1034			
1035	nyp.33433066620364	1908	Speaking rather seriously/(William Pett), Ridge, W. Pett
1036	nyp.33433081588182	1907	Name of Garland/(William Pett), Ridge, W. Pett
1037			
1038			
1039	mdp.39015063952645	1912	Love at Paddington/Ridge, W. Pett (William Pett),
1040			
1041	uiug.30112051972997	1915	The happy recruit/(William Pett), Ridge, W. Pett
1042	uiug.30112051973003	1915	The Kennedy people/(William Pett), Ridge, W. Pett
1043			
1044	uiug.30112052915045	1916	Madame Prince/(William Pett), Ridge, W. Pett
1045	uc2.ark:/13960/t4wh2gq5h	1917	The amazing years/(William Pett), Ridge, W. Pett
1046			
1047	nyp.33433112051069	1919	The bustling hours/(William Pett), Ridge, W. Pett
1048			
1049			
1050			
1051			
1052			
1053			
1054			
1055			
1056	mdp.39015029559997	1985	The unbelonging/Riley, Joan.
1057			
1058			
1059			
1060	none		
1061			
1062			
1063			
1064	coo1.ark:/13960/t88g95z7q	1919	Dope/Rohmer, Sax,
1065			
1066			
1067	hvd.32044080925282	1899	The Hooligan nights;/Rook, Clarence,
1068			
1069			
1070	nyp.33433112050806	1869	A London romance/Ross, Charles H. (Charles Henry),
1071			
1072			
1073			
1074			
1075			
1076			
1077			
1078	mdp.39015028443581	1960	Escape to an autumn pavement/Salkey, Andrew
1079	mdp.39015002758822	1969	The adventures of Catullus Kelly/Salkey, Andrew.
1080			
1081	hvd.hn2zic	1909	The power of gold/Sangster, Rena Urania Nott.
1082	uc1.b3139739	1958	The cautious heart/Sansom, William,
1083			
1084	uc1.32106017532224	1928	Lord Peter views the body/(Dorothy Leigh), Sayers, Dorothy L.
1085	mdp.39015054072536	1959	Murder must advertise/(Dorothy Leigh), Sayers, Dorothy L.
1086	mdp.39015008672498	1960	Gaudy night/Sayers, Dorothy L. (Dorothy Leigh),
1087			
1088			
1089			
1090			
1091			
1092			
1093	uc1.$b244904	1956	The lonely Londoners/Selvon, Samuel.
1094	uc1.$b244907	1957	Ways of sunlight/Selvon, Samuel.
1095	mdp.39015005596922	1965	The housing lark/Selvon, Samuel.
1096	mdp.39015046410471	1975	Moses ascending/Selvon, Samuel.
1097			
1098			
1099	uc1.$b149282	    	The wind shifts/Sharp, Alan.
1100			
1101			
1102	uc2.ark:/13960/t4th8dd8r	1907	The good comrade/(Una Lucy), Silberrad, Una L.
1103			
1104	nyp.33433044609513	1901	Princess Puck/Silberrad, Una L.,
1105	uc2.ark:/13960/t6rx95b11	1908	Desire/Silberrad, Una Lucy,
1106	nyp.33433115575536	1909	Ordinary people/Silberrad, Una L.,
1107			
1108	uc2.ark:/13960/t3vt1xp7j	1902	Living London; its work and its play, its humour and and its pathos, its sights and its scenes;/Sims, George Robert,
1109			
1110	hvd.hn1ric	1900	In London's heart/Sims, George Robert,
1111	mdp.39015030712072	1964	The Raker/Sinclair, Andrew.
1112	mdp.39015060120980	2004	White Chappell, scarlet tracings/Sinclair, Iain.
1113	inu.30000029791955	1991	Downriver, (or the vessels of wrath)/Sinclair, Iain,
1114	mdp.39015032216973	1994	Radon daughters/Sinclair, Iain.
1115			
1116			
1117			
1118			
1119			
1120			
1121			
1122	uiuo.ark:/13960/t3rv16c0v	1845	The fortunes of the Scattergood family/Smith, Albert,
1123	mdp.39015002148933	1969	Novel on yellow paper;/Smith, Stevie,
1124			
1125			
1126			
1127	mdp.39015029491399	1983	Sumitra's story/Smith, Rukshana.
1128			
1129			
1130			
1131	uc2.ark:/13960/t1td9q74t	1911	Henry Northcote/Snaith, John Collis.
1132	hvd.hnsy5x	1907	William Jordan Junior/(John Collis), Snaith, J. C.
1133	uc1.$b312551	1909	Araminta/(John Collis), Snaith, J. C.
1134	nyp.33433112053925	1912	The principal girl/(John Collis), Snaith, J. C.
1135			
1136			
1137			
1138			
1139			
1140	mdp.39015000609530	1960	The ballad of Peckham Rye/Spark, Muriel.
1141	mdp.39076005050799	1963	The girls of slender means/Spark, Muriel.
1142	mdp.39015017696298	1990	A far cry from Kensington/Spark, Muriel.
1143	mdp.39015019579385	1990	Symposium/Spark, Muriel.
1144			
1145			
1146			
1147			
1148			
1149			
1150			
1151			
1152			
1153			
1154			
1155			
1156			
1157			
1158			
1159			
1160			
1161			
1162			
1163			
1164			
1165			
1166			
1167			
1168			
1169			
1170			
1171			
1172	none		
1173	none		
1174	none		
1175	none		
1176			
1177			
1178			
1179			
1180	mdp.39015008889852	1961	Flight into Camden/Storey, David,
1181			
1182			
1183			
1184			
1185			
1186			
1187			
1188			
1189	uiug.30112055289364	    	Alone in London/Stretton, Hesba,
1190			
1191	mdp.39015047645919	1806	A winter in London;/Surr, T. S. (Thomas Skinner),
1192			
1193			
1194			
1195	mdp.39015066062780	1961	In a summer season/Taylor, Elizabeth,
1196			
1197			
1198	inu.32000001889098	1929	Kif/Tey, Josephine,
1199	pst.000016290648	1967	The expensive halo/Tey, Josephine,
1200	mdp.39015008818026	1953	The man in the queue/Tey, Josephine,
1201			
1202			
1203			
1204	yale.39002067738550	1906	The heart of England/Thomas, Edward,
1205	uiug.30112056502336	1913	The happy-go-lucky Morgans/Thomas, Edward,
1206			
1207	mdp.39015050112039	2000	Bad girls, good women/Thomas, Rosie.
1208			
1209			
1210			
1211			
1212			
1213			
1214			
1215			
1216			
1217			
1218			
1219			
1220	uc2.ark:/13960/t45q4zm6r	1921	London river/(Henry Major), Tomlinson, H. M.
1221			
1222			
1223			
1224	uc1.b3472564	1977	The man from next door/Tracy, Honor,
1225	mdp.39015018619703	1964	The Old Boys/Trevor, William,
1226	uc1.$b114014	1965	The boarding house/Trevor, William,
1227	uc1.32106002037619	1973	Elizabeth alone/Trevor, William,
1228	uc2.ark:/13960/t8mc93k14	1860	The three clerks/Trollope, Anthony,
1229	hvd.32044100881291	1865	Can you forgive her?/Trollope, Anthony,
1230			
1231	mdp.39015029211698	1991	Plague/Ure, Jean.
1232			
1233			
1234			
1235			
1236			
1237			
1238			
1239			
1240	mdp.39015008627278	1962	Strike the father dead;/Wain, John.
1241	mdp.39015008442041	1967	The smaller sky/Wain, John.
1242			
1243			
1244	hvd.32044051096691	1920	The four just men/Wallace, Edgar,
1245	inu.32000002536631	1929	The dark eyes of London/Wallace, Edgar,
1246			
1247			
1248	uiuo.ark:/13960/t19k7mj5d	1900	Fortitude/Walpole, Hugh, Sir,
1249			
1250	hvd.hn1k74	1893	St. Dunstan's clock/Ward, E.
1251	uiuo.ark:/13960/t1mg86494	1887	Scheherazade/Warden, Florence,
1252			
1253			
1254	uc1.b4948663	1978	Office life/Waterhouse, Keith.
1255	mdp.39015001032708	1981	Maggie Muggins, or, Spring in Earl's court/Waterhouse, Keith.
1256	mdp.39015058278451	2000	Tipping the velvet/Waters, Sarah,
1257			
1258	uc1.$b245197	1930	Kept/Waugh, Alec,
1259	mdp.39015002240011	1935	Decline and fall/Waugh, Evelyn,
1260	uc1.32106018261005	1930	Vile bodies/Waugh, Evelyn,
1261			
1262			
1263	mdp.39015034410863	1993	Affliction/Weldon, Fay.
1264	inu.30000123121687	1994	Trainspotting/Welsh, Irvine.
1265	uc1.32106002021076	1929	Harriet Hume/Dame, West, Rebecca,
1266	mdp.39015008654223	1956	The fountain overflows/West, Rebecca,
1267			
1268	mdp.39015019834715	1991	The women of Whitechapel and Jack the Ripper/West, Paul,
1269	chi.19672485	1888	"""Ten o'clock,""/Whistler, James McNeill,"
1270			
1271			
1272	dul1.ark:/13960/t13n2vj0t	1888	The island, or, An adventure of a person of quality/Whiteing, Richard,
1273	uc2.ark:/13960/t4jm27x38	1899	No. 5 John street/Whiteing, Richard,
1274	uc2.ark:/13960/t0cv4f15k	1903	The yellow van/Whiteing, Richard,
1275	coo1.ark:/13960/t4cn7nv2j	1906	Ring in the new/Whiteing, Richard,
1276	coo.31924013569987	1907	All moonshine/Whiteing, Richard,
1277	uc2.ark:/13960/t0rr1rq60	1909	Little people/Whiteing, Richard,
1278	nyp.33433075767602	186u	The Bohemians of London/Whitty, Edward Michael,
1279			
1280			
1281			
1282			
1283			
1284			
1285			
1286			
1287			
1288			
1289			
1290			
1291			
1292			
1293	mdp.39015066681399	1951	The dark lantern/Williamson, Henry,
1294			
1295	inu.30000007046091	1961	Adrift in Soho/Wilson, Colin,
1296			
1297			
1298	mdp.39015005188258	1977	The sweets of Pimlico/Wilson, A. N.,
1299			
1300	uc1.32106015455451	1991	Sexing the cherry/Winterson, Jeanette,
1301			
1302	mdp.39015000610488	1919	Night and day/Woolf, Virginia,
1303	mdp.39015013962207	1925	Mrs. Dalloway/Woolf, Virginia,
1304			
1305			
1306			
1307			
1308			
1309			
1310			
1311			
1312			
1313	uiuo.ark:/13960/t5j96p02r	1892	A romance of modern London/Yorke, Curtis.
1314			
1315	hvd.hwpand	1892	Children of the Ghetto/Zangwill, Israel,
1316	hvd.hw7jde	1899	Ghetto tragedies/Zangwill, Israel,
1317	coo1.ark:/13960/t74t7560n	1907	Ghetto comedies/Zangwill, Israel,
1318			
